id,name,domain,reason,category,hit_count
1,Teodor,Teodor1.com,"Extirpate of Matter from R Tympanic Membrane, Perc Approach",suspicious,78
2,Odelia,Odelia2.com,"Drainage of Left Breast, Endo, Diagn",malware,492
3,Patty,Patty3.com,"Bypass L Kidney Pelvis to Cutan w Synth Sub, Perc",phishing,55
4,Curry,Curry4.com,"Removal of Int Fix from L Humeral Shaft, Perc Approach",other,842
5,Carol-jean,Carol-jean5.com,"Excision of Ampulla of Vater, Endo, Diagn",other,203
6,Luise,Luise6.com,"Dilation of L Hand Art with 4+ Intralum Dev, Perc Approach",suspicious,830
7,Gaspard,Gaspard7.com,"Revision of Int Fix in R Radius, Open Approach",phishing,515
8,Ellie,Ellie8.com,"Bypass L Com Iliac Art to L Com Ilia w Autol Art, Open",gambling,424
9,Sande,Sande9.com,"Release Right Ethmoid Sinus, Open Approach",spam,761
10,Blithe,Blithe10.com,"Drainage of Left Toe Phalanx with Drain Dev, Open Approach",spam,107
11,Waiter,Waiter11.com,"Excision of Sciatic Nerve, Perc Endo Approach, Diagn",spam,384
12,Joell,Joell12.com,"Introduce of Oth Therap Subst into GU Tract, Perc Approach",porn,238
13,Marcella,Marcella13.com,Beam Radiation of Arm Skin using Neutrons,porn,752
14,Barbette,Barbette14.com,"Revision of Drain Dev in L Metatarsotars Jt, Extern Approach",gambling,14
15,Roxanna,Roxanna15.com,"MRI of Pelvic Art using Oth Contrast, Unenh, Enhance",malware,533
16,Olav,Olav16.com,"Dilate R Brach Art, Bifurc, w Drug-elut Intra, Open",suspicious,159
17,Sallyann,Sallyann17.com,"Repair Right Lower Leg Muscle, Percutaneous Approach",phishing,302
18,Jaine,Jaine18.com,"Insert Radioact Elem in Fem Perineum, Perc Endo",phishing,244
19,Ricki,Ricki19.com,"Repair Ileum, Via Natural or Artificial Opening Endoscopic",malware,354
20,Aland,Aland20.com,"Dilate Gastric Art, Bifurc, w 4 Drug-elut, Perc Endo",gambling,548
21,Morna,Morna21.com,"Tendons, Removal",porn,156
22,Abdel,Abdel22.com,"Supplement Left Zygomatic Bone with Autol Sub, Open Approach",gambling,767
23,Missie,Missie23.com,"Dilation of Lower Artery with 3 Drug-elut, Open Approach",suspicious,845
24,Eolande,Eolande24.com,"Destruction of Pelvis Lymphatic, Open Approach",other,338
25,Leone,Leone25.com,"Release Left Femoral Artery, Perc Endo Approach",malware,732
26,Sheelah,Sheelah26.com,"Revision of Monitoring Device in Stomach, Perc Approach",gambling,813
27,Simona,Simona27.com,"Drainage of Upper Vein, Percutaneous Approach, Diagnostic",porn,800
28,Lynnea,Lynnea28.com,"Ultrasonography of Bi Int Carotid, Intravasc",suspicious,330
29,Berton,Berton29.com,"Drainage of L Fallopian Tube with Drain Dev, Perc Approach",suspicious,470
30,Muhammad,Muhammad30.com,"Reattachment of Right Hip Muscle, Open Approach",gambling,283
31,Leigh,Leigh31.com,Magnetic Resonance Imaging (MRI) of Sacrum and Coccyx,gambling,875
32,Farlay,Farlay32.com,"Drainage of Bilateral Fallopian Tubes, Perc Endo Approach",spam,439
33,Sonny,Sonny33.com,"Replacement of R Popl Art with Synth Sub, Open Approach",gambling,974
34,Junie,Junie34.com,"Drainage of Abdomen Skin, External Approach, Diagnostic",gambling,174
35,Stanfield,Stanfield35.com,Immobilization of Right Upper Arm using Other Device,suspicious,579
36,Gearard,Gearard36.com,Orofacial Myofunctional Assessment using Other Equipment,spam,285
37,Vaclav,Vaclav37.com,"Insert Infusion Dev in Esophageal Vein, Perc Endo",phishing,471
38,Zaria,Zaria38.com,"Drainage of Sacral Nerve, Percutaneous Approach",gambling,46
39,Augustus,Augustus39.com,"Insertion of Infusion Device into L Renal Art, Open Approach",gambling,618
40,Tailor,Tailor40.com,"Transfer Left Thorax Muscle with Skin, Perc Endo Approach",gambling,572
41,Allina,Allina41.com,"Bypass R Com Iliac Vein to Low Vein, Perc Endo Approach",malware,517
42,Tamarra,Tamarra42.com,"Revision of Infusion Device in Vas Deferens, Endo",spam,667
43,Stephan,Stephan43.com,"Drainage of R Sup Parathyroid, Perc Approach, Diagn",gambling,738
44,Cesare,Cesare44.com,"Removal of Int Fix from R Acromioclav Jt, Open Approach",gambling,334
45,Corabella,Corabella45.com,"Hepatobiliary System and Pancreas, Bypass",malware,170
46,Adaline,Adaline46.com,Stereotactic Other Photon Radiosurgery of Liver,other,685
47,Blane,Blane47.com,"Insertion of Infusion Device into Abd Aorta, Open Approach",porn,983
48,Salaidh,Salaidh48.com,"Drain of R Carotid Body with Drain Dev, Perc Endo Approach",malware,463
49,Reggi,Reggi49.com,"Fragmentation in Ascending Colon, Perc Endo Approach",spam,828
50,Baillie,Baillie50.com,"Insert of Infusion Dev into L Pulm Art, Perc Endo Approach",other,722
51,Marc,Marc51.com,"Removal of Stim Gen from Trunk Subcu/Fascia, Perc Approach",gambling,583
52,Franz,Franz52.com,"Destruction of Left Temporomandibular Joint, Perc Approach",gambling,181
53,Shawna,Shawna53.com,Fluoroscopy of Colon,porn,982
54,Juieta,Juieta54.com,"Supplement R Axilla Art with Nonaut Sub, Open Approach",suspicious,374
55,Cybill,Cybill55.com,"Replacement of R Patella with Autol Sub, Perc Endo Approach",suspicious,598
56,Vernon,Vernon56.com,"Replacement of Hair with Autol Sub, Extern Approach",porn,163
57,Corrina,Corrina57.com,"Bypass R Com Iliac Art to R Int Ilia w Nonaut Sub, Perc Endo",other,557
58,Pepe,Pepe58.com,"Inspection of Right Pleural Cavity, Perc Endo Approach",other,192
59,Alvin,Alvin59.com,"Drainage of Left Ulna, Percutaneous Approach",spam,522
60,Fawnia,Fawnia60.com,"Revision of Autol Sub in R Carpal Jt, Extern Approach",porn,618
61,Faith,Faith61.com,"Excision of Upper Back, External Approach, Diagnostic",porn,653
62,Nickie,Nickie62.com,"Insertion of Int Fix into Coccyx, Perc Endo Approach",gambling,376
63,Arlena,Arlena63.com,"Extirpation of Matter from Abd Subcu/Fascia, Perc Approach",spam,884
64,Court,Court64.com,"Replacement of Right Hip Joint with Autol Sub, Open Approach",spam,469
65,Gerrard,Gerrard65.com,"Reposition R Humeral Shaft w Intramed Fix, Perc Endo",gambling,78
66,Tom,Tom66.com,"Repair Right Abdomen Tendon, Open Approach",spam,97
67,Olimpia,Olimpia67.com,Plain Radiography of R Low Extrem Lymph using L Osm Contrast,gambling,953
68,Jacinthe,Jacinthe68.com,"Bypass Gallbladder to Small Intestine, Perc Endo Approach",gambling,822
69,Rozalie,Rozalie69.com,"Insertion of Intralum Dev into R Com Carotid, Perc Approach",gambling,580
70,Stella,Stella70.com,"Revision of Other Device in R Pleural Cav, Perc Approach",phishing,275
71,Winny,Winny71.com,"Inspection of Genitourinary Tract, Perc Endo Approach",other,195
72,Julie,Julie72.com,"Inspection of Prostate and Seminal Vesicles, Open Approach",gambling,535
73,Ailene,Ailene73.com,"Replacement of R Toe Phalanx with Synth Sub, Perc Approach",gambling,558
74,Madeleine,Madeleine74.com,"Dilation of Left Kidney Pelvis, Endo",other,274
75,Emile,Emile75.com,LDR Brachytherapy of Stomach using Cesium 137,other,613
76,Jeramie,Jeramie76.com,"Revision of Infusion Dev in Endocrine Gland, Extern Approach",other,93
77,Lonny,Lonny77.com,"Lower Bones, Change",porn,738
78,Nilson,Nilson78.com,"Fluoroscopy of Oth Low Art using Oth Contrast, Laser Intraop",other,594
79,Laurent,Laurent79.com,"Excision of Right Shoulder Muscle, Perc Endo Approach, Diagn",spam,516
80,Erda,Erda80.com,"Dilation of Sup Mesent Art with 2 Drug-elut, Open Approach",gambling,118
81,Fancy,Fancy81.com,"Drainage of Liver, Percutaneous Endoscopic Approach",malware,58
82,Fraser,Fraser82.com,"Excision of Left Scapula, Open Approach",malware,81
83,Sandie,Sandie83.com,"Drainage of Right Upper Arm Muscle, Perc Approach, Diagn",suspicious,911
84,Mag,Mag84.com,"Fusion 2-7 T Jt w Autol Sub, Post Appr P Col, Perc",porn,476
85,Darwin,Darwin85.com,"Replacement of R Subclav Art with Nonaut Sub, Open Approach",other,26
86,Jeanie,Jeanie86.com,"Bypass 2 Cor Art from Abd Art, Open Approach",gambling,231
87,Anneliese,Anneliese87.com,"Extirpation of Matter from Left Ovary, Open Approach",suspicious,108
88,Sybil,Sybil88.com,"Bypass Descend Colon to Sigm Colon w Synth Sub, Perc Endo",spam,573
89,Krishna,Krishna89.com,"Dilate L Hand Art, Bifurc, w 4+ Intralum Dev, Perc",phishing,352
90,Leah,Leah90.com,"Repair Scrotum, External Approach",phishing,151
91,Leonore,Leonore91.com,"Supplement Left Lower Femur with Synth Sub, Perc Approach",other,695
92,Abdel,Abdel92.com,"Excision of L Elbow Bursa/Lig, Perc Endo Approach",other,702
93,Reiko,Reiko93.com,"Supplement Right Foot Artery with Synth Sub, Open Approach",porn,255
94,Dawn,Dawn94.com,"Removal of Int Fix from R Metacarpocarp Jt, Extern Approach",other,582
95,Bobbee,Bobbee95.com,"Bypass L Subclav Art to R Up Leg Art w Autol Vn, Open",suspicious,502
96,Anny,Anny96.com,"Replacement of Upper Artery with Synth Sub, Open Approach",spam,368
97,Olly,Olly97.com,"Release Right Orbit, Open Approach",malware,570
98,Mason,Mason98.com,"Occlusion Int Mamm, L Lymph w Extralum Dev, Perc Endo",malware,205
99,Nana,Nana99.com,"Destruction of Cecum, Open Approach",porn,308
100,Lusa,Lusa100.com,"Bypass L Com Iliac Art to R Ext Ilia w Nonaut Sub, Open",other,65
101,Niki,Niki101.com,"Release Right Vitreous, Percutaneous Approach",other,984
102,Petronia,Petronia102.com,"Insertion of Ext Fix into R Mandible, Perc Approach",malware,967
103,Brittni,Brittni103.com,"Resection of Right Foot Muscle, Open Approach",porn,593
104,Kerwinn,Kerwinn104.com,Computerized Tomography (CT Scan) of Port/Splanch Vein,malware,249
105,Lonee,Lonee105.com,"Bypass R Cephalic Vein to Up Vein w Nonaut Sub, Perc Endo",porn,132
106,Aidan,Aidan106.com,"Removal of Synth Sub from R Acromioclav Jt, Open Approach",suspicious,818
107,Gavan,Gavan107.com,"Reposition Left Tibia with Hybrid Ext Fix, Perc Approach",suspicious,993
108,Hal,Hal108.com,"Release Left Humeral Head, Percutaneous Approach",other,929
109,Sander,Sander109.com,"Supplement L Foot Bursa/Lig with Nonaut Sub, Open Approach",other,788
110,Antonio,Antonio110.com,"Occlusion of Upper Esophagus, Open Approach",phishing,135
111,Vanessa,Vanessa111.com,"Drain R Metatarsotars Jt w Drain Dev, Perc Endo",phishing,518
112,Roda,Roda112.com,"Division of Trunk Subcu/Fascia, Perc Approach",gambling,248
113,Nealson,Nealson113.com,"Reposition Left Face Vein, Percutaneous Approach",phishing,719
114,Steffen,Steffen114.com,"Drainage of Pelvic Cavity, Perc Endo Approach, Diagn",suspicious,405
115,Zolly,Zolly115.com,"Dilation of Right Common Iliac Artery, Bifurc, Open Approach",gambling,505
116,Gene,Gene116.com,"Repair Right Lung, Endo",gambling,771
117,Kellina,Kellina117.com,"Restriction of Sigmoid Colon, Endo",porn,907
118,Caye,Caye118.com,"Supplement Dura Mater with Synth Sub, Perc Approach",gambling,491
119,Timmie,Timmie119.com,Beam Radiation of Pituitary Gland using Neutrons,phishing,828
120,Drucill,Drucill120.com,"Drain L Shoulder Tendon w Drain Dev, Perc Endo",suspicious,273
121,Pandora,Pandora121.com,"Revision of Infusion Device in R Lung, Perc Endo Approach",suspicious,996
122,Lorne,Lorne122.com,"Introduce Oth Anti-infect in Pericard Cav, Perc",malware,766
123,Bobbye,Bobbye123.com,"Dilate of Tricusp Valve with Drug-elut Intra, Open Approach",gambling,656
124,Minny,Minny124.com,"Release Right Femoral Vein, Open Approach",suspicious,525
125,Devinne,Devinne125.com,"Repair Cerebral Ventricle, Open Approach",malware,278
126,Filmer,Filmer126.com,"Bypass Ileum to Rectum with Autol Sub, Endo",suspicious,961
127,Leshia,Leshia127.com,Planar Nucl Med Imag of Whole Body using Iodine 131,other,401
128,Zahara,Zahara128.com,"Introduction of Radioact Subst into Bil/Panc Tract, Endo",suspicious,4
129,Collette,Collette129.com,"Revision of Int Fix in R Pelvic Bone, Perc Approach",other,187
130,Galvan,Galvan130.com,"Insertion of Int Fix into Cerv Jt, Perc Approach",spam,793
131,Rubia,Rubia131.com,"Revise Synth Sub in R Finger Phalanx Jt, Perc Endo",suspicious,963
132,Elayne,Elayne132.com,"Repair Upper Gingiva, Open Approach",porn,437
133,Eben,Eben133.com,"Dilate Hepatic Art, Bifurc, w Drug-elut Intra, Perc Endo",porn,368
134,Robinson,Robinson134.com,"Replacement of Face Artery with Synth Sub, Open Approach",other,740
135,Eustace,Eustace135.com,"Bypass Intracran Vein to Up Vein w Autol Vn, Perc Endo",suspicious,253
136,Ragnar,Ragnar136.com,"Restrict L Int Jugular Vein w Extralum Dev, Open",other,553
137,Kelci,Kelci137.com,"Beam Radiation of Back Skin using Electrons, Intraoperative",other,928
138,Ursuline,Ursuline138.com,Plaque Radiation of Pancreas,gambling,127
139,Brandice,Brandice139.com,"Bypass L Int Carotid to L Extracran Art w Nonaut Sub, Open",other,549
140,Thor,Thor140.com,"Supplement Anal Sphincter with Nonaut Sub, Open Approach",porn,706
141,Herman,Herman141.com,"Removal of Drainage Device from Spinal Canal, Open Approach",malware,948
142,Flin,Flin142.com,"Resection of Ampulla of Vater, Open Approach",other,203
143,Joey,Joey143.com,"Supplement Left Orbit with Autol Sub, Perc Endo Approach",gambling,846
144,Calida,Calida144.com,"Female Reproductive System, Change",malware,549
145,Rosella,Rosella145.com,"Replacement of Abd Aorta with Autol Sub, Perc Endo Approach",spam,27
146,Kalil,Kalil146.com,"Excision of Left Large Intestine, Perc Endo Approach, Diagn",suspicious,871
147,Bobinette,Bobinette147.com,"Revision of Ext Fix in L Tibia, Open Approach",phishing,3
148,Jackson,Jackson148.com,"Excision of Left External Jugular Vein, Perc Approach, Diagn",suspicious,120
149,Gisella,Gisella149.com,"Inspection of Pituitary Gland, Open Approach",gambling,700
150,Fowler,Fowler150.com,"Drainage of Lumsac Disc with Drain Dev, Perc Endo Approach",phishing,887
151,Sydney,Sydney151.com,"Dilation of Right Ulnar Artery, Open Approach",suspicious,977
152,Zorine,Zorine152.com,"Drainage of Pudendal Nerve with Drain Dev, Perc Approach",other,555
153,Annemarie,Annemarie153.com,"Revision of Ext Fix in R Wrist Jt, Open Approach",spam,918
154,Marchall,Marchall154.com,"Excision of L Hand Bursa/Lig, Perc Endo Approach, Diagn",spam,405
155,Reinaldo,Reinaldo155.com,"CT Scan Paranasal Sinus w L Osm Contrast, Unenh, Enhance",other,686
156,Heinrick,Heinrick156.com,"Reposition Left Radius with Int Fix, Open Approach",malware,132
157,Garnet,Garnet157.com,"Revision of Nonaut Sub in R Glenoid Cav, Perc Endo Approach",suspicious,177
158,Katine,Katine158.com,"Extirpation of Matter from Left Lacrimal Bone, Open Approach",spam,968
159,Ronny,Ronny159.com,"Reposition Left Toe Phalangeal Joint, Percutaneous Approach",spam,189
160,Dael,Dael160.com,"Drainage of Adenoids with Drainage Device, Open Approach",malware,180
161,Vidovik,Vidovik161.com,"Bypass Trachea to Esophagus with Intralum Dev, Open Approach",malware,637
162,Deane,Deane162.com,"Drainage of Sacral Plexus with Drain Dev, Perc Approach",phishing,749
163,Charissa,Charissa163.com,"Repair Right Kidney Pelvis, Open Approach",porn,278
164,Barnabas,Barnabas164.com,"Dilate Face Art, Bifurc, w Intralum Dev, Perc Endo",malware,687
165,Moss,Moss165.com,"Insert Ext Fix in L Finger Phalanx Jt, Perc Endo",other,571
166,Karim,Karim166.com,"Extirpation of Matter from Cerebral Meninges, Open Approach",porn,713
167,Locke,Locke167.com,"Beam Radiation of Ear using Electrons, Intraoperative",other,214
168,Janis,Janis168.com,Immobilization of Left Thumb using Other Device,phishing,669
169,Kore,Kore169.com,"Drainage of Bilateral Lungs, Open Approach, Diagnostic",phishing,61
170,Prudy,Prudy170.com,"Revision of Synth Sub in L Humeral Head, Open Approach",suspicious,600
171,Benny,Benny171.com,"Fusion L Metacarpocarp Jt w Autol Sub, Perc Endo",spam,897
172,Krista,Krista172.com,"Supplement Head & Neck Tendon with Synth Sub, Open Approach",spam,698
173,Michele,Michele173.com,Plain Radiography of Bi Up Extrem Art using H Osm Contrast,malware,81
174,Nelli,Nelli174.com,"Monitoring of Venous Pulse, Peripheral, External Approach",phishing,940
175,Mar,Mar175.com,"Fragmentation in Cystic Duct, Endo",spam,260
176,Brander,Brander176.com,"Reposition Right Lower Leg Muscle, Perc Endo Approach",spam,624
177,Freddy,Freddy177.com,"Replacement of L Up Femur with Synth Sub, Perc Endo Approach",phishing,284
178,Lauralee,Lauralee178.com,"Drainage of Left Thyroid Artery, Percutaneous Approach",suspicious,253
179,Mikel,Mikel179.com,Change Other Device on Right Upper Extremity,suspicious,517
180,Marylin,Marylin180.com,"Replace of L Brach Vein with Synth Sub, Perc Endo Approach",malware,896
181,Constantine,Constantine181.com,"Repair Left Tarsal Joint, Percutaneous Endoscopic Approach",gambling,992
182,Angelika,Angelika182.com,"Bypass Descending Colon to Cutaneous with Autol Sub, Endo",malware,557
183,Alexandro,Alexandro183.com,"Transfuse of Autol Platelets into Periph Vein, Open Approach",gambling,622
184,Daveta,Daveta184.com,Muscle Perform Trmt Musculosk Up Back/UE w Prosthesis,malware,618
185,Janelle,Janelle185.com,"Revision of Drain Dev in Cranial Cav, Perc Endo Approach",porn,770
186,Hedwig,Hedwig186.com,"Release Left Sternoclavicular Joint, External Approach",gambling,542
187,Kayla,Kayla187.com,"Removal of Extralum Dev from Low Intest Tract, Open Approach",suspicious,67
188,Karin,Karin188.com,"Destruction of Left Lower Lobe Bronchus, Perc Endo Approach",spam,926
189,Caria,Caria189.com,"Dilate L Foot Art, Bifurc, w Intralum Dev, Open",other,555
190,Shaina,Shaina190.com,"Anatomical Regions, General, Revision",porn,182
191,Sander,Sander191.com,"Introduce of High dose IL-2 into Periph Art, Perc Approach",suspicious,590
192,Clint,Clint192.com,"Supplement L Ring Finger with Synth Sub, Perc Endo Approach",gambling,444
193,Harri,Harri193.com,"Removal of Synth Sub from Mediastinum, Perc Approach",spam,474
194,Bent,Bent194.com,"Reposition Left Vertebral Vein, Perc Endo Approach",phishing,985
195,Adolpho,Adolpho195.com,"Supplement Left Spermatic Cord with Synth Sub, Open Approach",spam,125
196,Scottie,Scottie196.com,Planar Nucl Med Imag of R Breast using Oth Radionuclide,porn,991
197,Jud,Jud197.com,"Supplement Right Femoral Shaft with Synth Sub, Open Approach",suspicious,346
198,Frankie,Frankie198.com,"Replacement of Sternum with Synth Sub, Open Approach",gambling,435
199,Ethelda,Ethelda199.com,"Supplement Right Scapula with Synth Sub, Open Approach",porn,242
200,Joannes,Joannes200.com,"Extirpation of Matter from L Up Femur, Perc Endo Approach",spam,581
201,Had,Had201.com,"Introduction of Analg/Hypnot/Sedat into Ear, Extern Approach",malware,163
202,Florentia,Florentia202.com,"Drainage of Left Thyroid Artery, Open Approach, Diagnostic",other,112
203,Eamon,Eamon203.com,"Insertion of Monitor Dev into Cereb Vent, Perc Approach",gambling,706
204,Ahmad,Ahmad204.com,"Division of Sacral Plexus, Percutaneous Approach",other,587
205,Roseann,Roseann205.com,"Removal of Radioactive Element from Rectum, Perc Approach",phishing,500
206,Oliviero,Oliviero206.com,"Excision of Right Lower Lobe Bronchus, Via Opening",suspicious,535
207,Allin,Allin207.com,"Excision of Abdominal Aorta, Percutaneous Approach",suspicious,309
208,Dante,Dante208.com,"Excision of Uterine Supporting Structure, Open Approach",spam,495
209,Maddie,Maddie209.com,"Revision of Int Fix in Occip Jt, Open Approach",spam,903
210,Alexia,Alexia210.com,"Supplement R Wrist Jt with Nonaut Sub, Perc Endo Approach",malware,796
211,Standford,Standford211.com,"Revision of Int Fix in Lum Jt, Extern Approach",other,433
212,Dolores,Dolores212.com,Plain Radiography of Sing Cor A Graft using L Osm Contrast,porn,912
213,Travis,Travis213.com,"Drainage of L Com Carotid with Drain Dev, Open Approach",spam,307
214,Morton,Morton214.com,"Revision of Synth Sub in L Ulna, Perc Endo Approach",malware,345
215,Kerk,Kerk215.com,"Replacement of R Colic Art with Autol Sub, Open Approach",porn,303
216,Nana,Nana216.com,"Bypass L Axilla Art to L Extracran Art w Nonaut Sub, Open",porn,175
217,Eddy,Eddy217.com,"Transfer Oculomotor Nrv to Hypogloss Nrv, Perc Endo Approach",other,137
218,Kelsey,Kelsey218.com,"Excision of Cervical Vertebra, Perc Endo Approach",phishing,259
219,Kessia,Kessia219.com,"Excision of Left Lacrimal Duct, Endo, Diagn",phishing,294
220,Halsey,Halsey220.com,"Respiratory System, Restriction",phishing,930
221,Alfonso,Alfonso221.com,"Revision of Nonaut Sub in L Glenoid Cav, Extern Approach",phishing,902
222,Kathleen,Kathleen222.com,"Insertion of Spacer into R Sacroiliac Jt, Perc Endo Approach",porn,555
223,Mitzi,Mitzi223.com,"Excision of Prepuce, External Approach, Diagnostic",malware,862
224,Mary,Mary224.com,"Restriction of L Hand Art with Extralum Dev, Perc Approach",phishing,591
225,Gillie,Gillie225.com,"Occlusion of Aortic Lymph with Intralum Dev, Open Approach",malware,986
226,Efrem,Efrem226.com,"Bypass 1 Cor Art from L Int Mammary w Zooplastic, Open",suspicious,997
227,Isabella,Isabella227.com,"Bypass Portal Vein to L Renal Vein w Autol Art, Open",suspicious,782
228,Marchelle,Marchelle228.com,"Excision of Head Lymphatic, Percutaneous Approach",gambling,721
229,Markos,Markos229.com,"Replace of R Pelvic Bone with Autol Sub, Perc Endo Approach",porn,144
230,Genovera,Genovera230.com,"Repair Atrial Septum, Percutaneous Endoscopic Approach",suspicious,645
231,Brennan,Brennan231.com,"Revision of Autol Sub in Sacrococcygeal Jt, Open Approach",spam,893
232,Loutitia,Loutitia232.com,"Bypass Bi Ureter to Ileocutan w Synth Sub, Perc Endo",gambling,967
233,Clyve,Clyve233.com,"Excision of Lower Back, External Approach",suspicious,52
234,Meta,Meta234.com,"Excision of Right Lower Lung Lobe, Perc Approach, Diagn",suspicious,917
235,Cristabel,Cristabel235.com,"Reposition Right Upper Femur, Percutaneous Approach",phishing,837
236,Libbi,Libbi236.com,"Extirpation of Matter from Bilateral Testes, Perc Approach",gambling,301
237,Aurthur,Aurthur237.com,"Excision of Left Brachial Vein, Perc Endo Approach",phishing,540
238,Dallas,Dallas238.com,"Supplement Lower Gingiva with Nonaut Sub, Perc Approach",other,254
239,Barry,Barry239.com,"Release Left Foot Tendon, Open Approach",phishing,251
240,Olga,Olga240.com,"Supplement L Peroneal Art with Autol Sub, Open Approach",phishing,168
241,Melinde,Melinde241.com,"Extirpation of Matter from L Lacrml Gland, Open Approach",porn,455
242,Donal,Donal242.com,"Removal of Drainage Device from Lower Jaw, Perc Approach",other,671
243,Freeland,Freeland243.com,"Transplantation of Eye into POC, Perc Approach",malware,133
244,Neils,Neils244.com,"Insertion of Cardiac Lead into Cor Vein, Perc Endo Approach",malware,164
245,Marla,Marla245.com,"Bypass Middle Esophagus to Jejunum, Perc Endo Approach",suspicious,123
246,Rosanna,Rosanna246.com,"Revision of Stim Gen in Trunk Subcu/Fascia, Extern Approach",malware,747
247,Becky,Becky247.com,"Dilate L Foot Art, Bifurc, w 3 Intralum Dev, Perc",porn,440
248,Valma,Valma248.com,"Fusion 2-6 C Jt w Nonaut Sub, Post Appr A Col, Perc Endo",porn,657
249,Julita,Julita249.com,"Drainage of Perineum Muscle, Percutaneous Approach, Diagn",porn,358
250,Emmalynn,Emmalynn250.com,"Replacement of Lower Vein with Autol Sub, Open Approach",porn,78
251,Danella,Danella251.com,"Revision of Intralum Dev in Pancreat Duct, Perc Approach",other,590
252,Rosalinda,Rosalinda252.com,"Destruction of Pancreatic Duct, Perc Endo Approach",other,667
253,Hastings,Hastings253.com,"Alteration of Lower Jaw, Percutaneous Approach",other,260
254,Neil,Neil254.com,"Fusion of Cerv Jt, Ant Appr A Col, Open Approach",spam,343
255,Stuart,Stuart255.com,"Removal of Nonaut Sub from L Eye, Extern Approach",gambling,225
256,Alessandra,Alessandra256.com,"Supplement L Int Jugular Vein with Autol Sub, Perc Approach",spam,617
257,Henrietta,Henrietta257.com,"Insertion of Stimulator Lead into Ureter, Perc Approach",gambling,699
258,Kristos,Kristos258.com,"Drainage of Thoracic Vertebra, Percutaneous Approach",phishing,214
259,Astra,Astra259.com,"Resection of Bilateral Testes, Perc Endo Approach",spam,627
260,Evania,Evania260.com,CT Scan of Bi Sternoclav Jt using H Osm Contrast,phishing,737
261,Debera,Debera261.com,"Dilation of Right Upper Lobe Bronchus, Endo",phishing,405
262,Francois,Francois262.com,"Destruction of Left Hand Skin, Multiple, External Approach",gambling,317
263,Loretta,Loretta263.com,"Removal of Nonaut Sub from Trunk Subcu/Fascia, Perc Approach",spam,940
264,Susette,Susette264.com,"Bypass R Lacrml Duct to Nasal Cav w Nonaut Sub, Open",porn,984
265,Barrie,Barrie265.com,"Bypass R Atrium to R Pulm Art with Nonaut Sub, Open Approach",gambling,964
266,Meredithe,Meredithe266.com,"Repair Right Carotid Body, Percutaneous Endoscopic Approach",phishing,773
267,Christy,Christy267.com,"Supplement Left Finger Phalanx with Synth Sub, Open Approach",phishing,406
268,Willetta,Willetta268.com,"Dilate L Colic Art, Bifurc, w Drug-elut Intra, Open",porn,663
269,Blisse,Blisse269.com,"Insertion of Int Fix into L Carpal, Open Approach",phishing,936
270,Rod,Rod270.com,"Transfer Right Hand Muscle with Skin, Open Approach",other,7
271,Joli,Joli271.com,"Excision of Right Kidney Pelvis, Percutaneous Approach",phishing,411
272,Crysta,Crysta272.com,"Occlusion of Sup Mesent Art with Intralum Dev, Perc Approach",phishing,546
273,Jarrett,Jarrett273.com,HDR Brachytherapy of Peripheral Nerve using Iodine 125,malware,692
274,Walker,Walker274.com,"Reposition R Metacarpocarp Jt with Int Fix, Extern Approach",gambling,663
275,Sherwin,Sherwin275.com,"Inspection of Cisterna Chyli, Open Approach",other,491
276,Julian,Julian276.com,"Supplement Left Rib with Synthetic Substitute, Open Approach",malware,533
277,Anet,Anet277.com,"Division of Left Abdomen Tendon, Perc Endo Approach",suspicious,164
278,Auberon,Auberon278.com,"Removal of Monitoring Device from Trachea, Endo",other,453
279,Cacilia,Cacilia279.com,"Release Left Hand Vein, Percutaneous Endoscopic Approach",suspicious,840
280,Gilburt,Gilburt280.com,"Supplement Sacrum with Nonaut Sub, Perc Approach",porn,771
281,Shoshanna,Shoshanna281.com,"Introduction of Destructive Agent into Fem Reprod, Endo",spam,65
282,Tanny,Tanny282.com,"Revision of Autol Sub in Lum Vertebra, Perc Endo Approach",gambling,2
283,Gallagher,Gallagher283.com,"Fluoroscopy Mult Cor Art w H Osm Contrast, Laser Intraop",malware,52
284,Nananne,Nananne284.com,"Repair Minor Salivary Gland, Open Approach",phishing,727
285,Peta,Peta285.com,"Division of Right Knee Tendon, Perc Endo Approach",suspicious,471
286,Derril,Derril286.com,"Transfuse Nonaut Serum Albumin in Periph Vein, Perc",malware,491
287,Ev,Ev287.com,"Male Reproductive System, Resection",other,371
288,Margot,Margot288.com,"Removal of Radioactive Element from Respiratory Tract, Endo",suspicious,19
289,Cristal,Cristal289.com,"Dilate R Com Iliac Art, Bifurc, w 3 Intralum Dev, Perc",gambling,360
290,Abe,Abe290.com,"Supplement L Fem Art with Nonaut Sub, Perc Approach",malware,978
291,Kermy,Kermy291.com,Fluoroscopy of Splenic Arteries using Low Osmolar Contrast,gambling,701
292,Haydon,Haydon292.com,"Removal of Monitoring Device from Ureter, Perc Approach",malware,920
293,Stephenie,Stephenie293.com,"Release Ileocecal Valve, Percutaneous Approach",phishing,638
294,Chrisy,Chrisy294.com,"Fluoroscopy L Verteb Art w L Osm Contrast, Laser Intraop",spam,813
295,Shelagh,Shelagh295.com,"Dilation of L Int Mamm Art with Intralum Dev, Open Approach",porn,858
296,Cayla,Cayla296.com,"Restriction of Anus with Extraluminal Device, Perc Approach",gambling,824
297,Eddy,Eddy297.com,"Replace of R Femur Shaft with Synth Sub, Perc Endo Approach",phishing,797
298,Ilario,Ilario298.com,"Release Cervical Vertebra, Percutaneous Endoscopic Approach",spam,151
299,Casper,Casper299.com,"Detachment at Left Index Finger, Mid, Open Approach",suspicious,450
300,Trude,Trude300.com,"Dilation of L Brach Art with Intralum Dev, Perc Approach",spam,458
301,Jamey,Jamey301.com,"Bypass R Fallopian Tube to Uterus w Synth Sub, Perc Endo",phishing,699
302,Corty,Corty302.com,"Release Left Hand Muscle, Percutaneous Endoscopic Approach",spam,482
303,Chane,Chane303.com,Fluoroscopy of Inf Mesent Art using L Osm Contrast,malware,598
304,Dani,Dani304.com,"Drainage of Right Maxillary Sinus, Percutaneous Approach",gambling,199
305,Theobald,Theobald305.com,Exercise Treatment of Musculosk Up Back/UE using Oth Equip,porn,122
306,Clementius,Clementius306.com,"Radiation Therapy, Breast, Stereotactic Radiosurgery",other,693
307,Vinita,Vinita307.com,"Revision of Extraluminal Device in Upper Vein, Perc Approach",suspicious,586
308,Michele,Michele308.com,"Excision of Right Upper Lung Lobe, Endo",phishing,670
309,Miquela,Miquela309.com,"Release Head Lymphatic, Percutaneous Approach",other,136
310,Glenna,Glenna310.com,"Insertion of Ext Fix into R Metatarsal, Open Approach",spam,954
311,Em,Em311.com,"Excision of Intracranial Artery, Perc Approach, Diagn",malware,865
312,Lindsay,Lindsay312.com,"Drainage of Left Finger Phalanx, Open Approach",suspicious,885
313,Donovan,Donovan313.com,"Destruction of Skull, Percutaneous Approach",suspicious,732
314,Grantham,Grantham314.com,"Supplement R Sphenoid Bone with Nonaut Sub, Perc Approach",other,920
315,Wernher,Wernher315.com,"Removal of Nonaut Sub from Lum Disc, Open Approach",suspicious,292
316,Krisha,Krisha316.com,"Release Right Internal Mammary Artery, Open Approach",gambling,794
317,Sarena,Sarena317.com,"Drainage of Abd Symp Nrv with Drain Dev, Perc Endo Approach",spam,360
318,Sela,Sela318.com,"Inspection of Neck, Open Approach",spam,845
319,Shela,Shela319.com,CT Scan of Trachea/Airway using Oth Contrast,spam,193
320,Jorry,Jorry320.com,"Release Left Ethmoid Sinus, Open Approach",phishing,886
321,Gill,Gill321.com,"Supplement Penis with Nonaut Sub, Extern Approach",porn,326
322,Bourke,Bourke322.com,"Drainage of Coccyx, Percutaneous Approach, Diagnostic",other,598
323,Koo,Koo323.com,"Repair Left External Carotid Artery, Perc Endo Approach",gambling,94
324,Moore,Moore324.com,"Bypass R Vas Deferens to L Epidid w Nonaut Sub, Open",phishing,860
325,Milo,Milo325.com,"Removal of Infusion Device from Lower Jaw, Open Approach",spam,896
326,Florenza,Florenza326.com,"Restrict R Less Saphenous w Intralum Dev, Perc",suspicious,762
327,Huey,Huey327.com,"Supplement R Shoulder Jt with Nonaut Sub, Perc Approach",other,427
328,Annice,Annice328.com,"Dilate Gastric Art, Bifurc, w 2 Drug-elut, Perc",spam,761
329,Raviv,Raviv329.com,"Bypass R Subclav Art to L Up Arm Art w Autol Vn, Open",suspicious,380
330,Daloris,Daloris330.com,"Revision of Ext Fix in L Carpal Jt, Extern Approach",spam,442
331,Elna,Elna331.com,"Release Left Axillary Artery, Open Approach",spam,544
332,Pierrette,Pierrette332.com,"Insertion of Feeding Device into Esophagus, Via Opening",other,59
333,Pennie,Pennie333.com,"Supplement Up Esophag with Synth Sub, Perc Endo Approach",malware,819
334,Murdock,Murdock334.com,"Resection of Transverse Colon, Endo",malware,382
335,Kipp,Kipp335.com,"Transplantation of Face, Allogeneic, Open Approach",other,832
336,Sibel,Sibel336.com,"Fusion Occip Jt w Nano Intbd Dev, Open, New Tech 2",gambling,683
337,Bobinette,Bobinette337.com,"Transfer Left Thorax Muscle with Subcu, Open Approach",phishing,76
338,Allianora,Allianora338.com,"Extraction of Vertebral Bone Marrow, Percutaneous Approach",other,871
339,Natalya,Natalya339.com,"Restriction of Right Hepatic Duct, Percutaneous Approach",porn,289
340,Madelon,Madelon340.com,"Revision of Spacer in L Sacroiliac Jt, Perc Endo Approach",suspicious,881
341,Anstice,Anstice341.com,"Insertion of Intralum Dev into Hepatic Vein, Perc Approach",other,756
342,Merline,Merline342.com,"Excision of Left Breast, External Approach",other,280
343,Melinde,Melinde343.com,"Revision of Autol Sub in Prostate/Seminal Ves, Endo",malware,338
344,Aldus,Aldus344.com,"Extirpation of Matter from Left Ureter, Via Opening",other,793
345,Rip,Rip345.com,ROM & Jt Mobility Trmt Musculosk Low Back/LE w Orthosis,phishing,761
346,Fidelity,Fidelity346.com,Hyperthermia of Gallbladder,other,245
347,Axel,Axel347.com,"Supplement L Verteb Art with Synth Sub, Open Approach",porn,349
348,Immanuel,Immanuel348.com,"Release Right Lacrimal Duct, Endo",other,247
349,Rodie,Rodie349.com,"Supplement Right Carpal with Synth Sub, Open Approach",suspicious,258
350,Shalna,Shalna350.com,"Bypass Ileum to Anus, Open Approach",malware,35
351,Lezlie,Lezlie351.com,"Extirpate matter from R Sup Parathyroid, Perc Endo",malware,579
352,Sylvester,Sylvester352.com,"Destruction of Right Common Iliac Vein, Perc Approach",gambling,563
353,Pavla,Pavla353.com,"Bypass L Ext Carotid to L Extracran Art w Autol Vn, Open",phishing,169
354,Kim,Kim354.com,"Resection of Larynx, Via Natural or Artificial Opening",phishing,215
355,Dewain,Dewain355.com,"Excision of Left Patella, Percutaneous Endoscopic Approach",suspicious,690
356,Alisander,Alisander356.com,HDR Brachytherapy of Pancreas using Palladium 103,other,85
357,Jeth,Jeth357.com,Magnetic Resonance Imaging (MRI) of Cervico-Cerebral Arch,spam,133
358,Iorgo,Iorgo358.com,"Transfer Right Neck Muscle with Skin, Subcu, Open Approach",phishing,317
359,Byron,Byron359.com,"Female Reproductive System, Extirpation",spam,120
360,Bron,Bron360.com,"Drainage of Right Upper Lung Lobe, Percutaneous Approach",suspicious,707
361,Brendis,Brendis361.com,"Fusion of Right Metatarsal-Tarsal Joint, Perc Approach",other,758
362,Gradeigh,Gradeigh362.com,"Removal of Int Fix from Sternum, Perc Endo Approach",other,155
363,Archaimbaud,Archaimbaud363.com,"Removal of Drainage Device from Occip Jt, Extern Approach",phishing,702
364,Pancho,Pancho364.com,"Revision of Synth Sub in Up Muscle, Extern Approach",gambling,222
365,Tildi,Tildi365.com,"Remove Synth Sub from L Metacarpocarp Jt, Perc Endo",porn,265
366,Ivie,Ivie366.com,"Removal of Autol Sub from L Acetabulum, Open Approach",other,256
367,Arda,Arda367.com,"Bypass Innom Art to Low Arm Vein w Autol Art, Open",other,420
368,Cordey,Cordey368.com,"Revision of Ext Fix in L Metatarsal, Perc Approach",spam,169
369,Mariska,Mariska369.com,"Release Left Main Bronchus, Endo",spam,712
370,Bobbee,Bobbee370.com,"Dilation of Intracranial Vein, Percutaneous Approach",suspicious,566
371,Shandee,Shandee371.com,Fluoroscopy of R Com Carotid using L Osm Contrast,porn,584
372,Alameda,Alameda372.com,"Extirpation of Matter from R Lacrml Gland, Open Approach",spam,40
373,Marnie,Marnie373.com,"Revision of Drainage Device in Spleen, Open Approach",other,781
374,Delcine,Delcine374.com,"Reposition Right Shoulder Joint with Int Fix, Open Approach",malware,399
375,Parsifal,Parsifal375.com,"Excision of Thoracic Duct, Open Approach, Diagnostic",gambling,795
376,Markus,Markus376.com,"Extirpate of Matter from L Submaxillary Gland, Open Approach",phishing,885
377,Aurie,Aurie377.com,"Removal of Radioactive Element from Lower Jaw, Open Approach",phishing,321
378,Lorry,Lorry378.com,"Extirpation of Matter from Hemiazygos Vein, Open Approach",malware,883
379,Fedora,Fedora379.com,"Drainage of Buttock Skin with Drain Dev, Extern Approach",gambling,533
380,Sileas,Sileas380.com,CT Scan of Pancreas using H Osm Contrast,malware,118
381,Almira,Almira381.com,"Supplement Mediastinum with Synth Sub, Perc Endo Approach",porn,880
382,Lanie,Lanie382.com,"Excision of Left Ethmoid Bone, Perc Endo Approach",gambling,841
383,Jose,Jose383.com,"Fusion 2-4 L Jt w Autol Sub, Ant Appr A Col, Perc",other,17
384,Inessa,Inessa384.com,"Supplement Right Knee Joint with Synth Sub, Perc Approach",spam,79
385,Courtney,Courtney385.com,"Transfer Back Skin, External Approach",porn,801
386,Chen,Chen386.com,"Bypass L Fem Art to Poplit Art w Nonaut Sub, Perc Endo",gambling,671
387,Nikos,Nikos387.com,"Insertion of Radioact Elem into R Axilla, Perc Endo Approach",spam,465
388,Eloisa,Eloisa388.com,"Transfuse of Autol Platelets into Periph Vein, Open Approach",gambling,942
389,Danika,Danika389.com,"Supplement Upper Back with Nonaut Sub, Open Approach",suspicious,12
390,Winna,Winna390.com,"Dilation of R Parotid Duct with Intralum Dev, Via Opening",malware,144
391,Myranda,Myranda391.com,"Revision of Zooplastic Tissue in Aortic Valve, Open Approach",gambling,171
392,Kendrick,Kendrick392.com,"Supplement L Tympanic Membrane with Autol Sub, Open Approach",malware,658
393,Brigham,Brigham393.com,"Excision of Epiglottis, Open Approach",suspicious,797
394,Sophia,Sophia394.com,"Resection of Right Maxillary Sinus, Open Approach",malware,873
395,Beret,Beret395.com,"Drainage of Left Tarsal, Percutaneous Approach, Diagnostic",porn,77
396,Prince,Prince396.com,"Removal of Monitoring Device from Kidney, Open Approach",porn,807
397,Conway,Conway397.com,Change Packing Material on Left Toe,gambling,377
398,Egan,Egan398.com,"Electroconvulsive Therapy, Bilateral-Multiple Seizure",suspicious,448
399,Wandie,Wandie399.com,"Bypass 3 Cor Art from Cor Art w Autol Art, Perc Endo",malware,912
400,Clywd,Clywd400.com,"Chiropractic Manipulation of Low Extrem, Long, Short Lever",other,950
401,Correy,Correy401.com,"Drainage of Lower Jaw, Percutaneous Approach",malware,668
402,Celestia,Celestia402.com,"Supplement Uvula with Autol Sub, Extern Approach",malware,929
403,Zoe,Zoe403.com,"Replace L Occipital Bone w Nonaut Sub, Perc Endo",gambling,988
404,Katuscha,Katuscha404.com,HDR Brachytherapy of R Breast using Cesium 137,spam,747
405,Jasper,Jasper405.com,"Occlusion of L Fallopian Tube with Intralum Dev, Via Opening",spam,36
406,Bartolomeo,Bartolomeo406.com,"Transfer Accessory Nerve to Olfact Nrv, Perc Endo Approach",gambling,561
407,Jessey,Jessey407.com,"Introduce of Analg/Hypnot/Sedat into GU Tract, Perc Approach",phishing,528
408,Jamaal,Jamaal408.com,"Dilation of 3 Cor Art, Bifurc, Perc Approach",spam,839
409,Candice,Candice409.com,"Supplement R Verteb Art with Synth Sub, Open Approach",spam,974
410,Sigfrid,Sigfrid410.com,"Supplement Right Carpal with Nonaut Sub, Perc Approach",gambling,877
411,Jessey,Jessey411.com,"Drainage of Abdominal Wall with Drain Dev, Perc Approach",porn,592
412,Kikelia,Kikelia412.com,"Supplement Sternum with Nonaut Sub, Open Approach",gambling,858
413,Rosella,Rosella413.com,"Removal of Int Fix from C-thor Jt, Open Approach",gambling,246
414,Hortensia,Hortensia414.com,"Drainage of Cystic Duct, Open Approach",spam,518
415,Shaina,Shaina415.com,Plain Radiography of L Ext Carotid using L Osm Contrast,malware,539
416,Rochell,Rochell416.com,Fluoroscopy of Cervical Disc(s) using Low Osmolar Contrast,porn,818
417,Paulo,Paulo417.com,Tomo Nucl Med Imag of Low Extrem using Oth Radionuclide,suspicious,807
418,Willi,Willi418.com,"Transplantation of Right Lung, Syngeneic, Open Approach",spam,651
419,Pepito,Pepito419.com,"Revision of Int Fix in R Acromioclav Jt, Open Approach",phishing,45
420,Amara,Amara420.com,"Insertion of Infusion Device into Left Atrium, Perc Approach",other,414
421,Isaiah,Isaiah421.com,"Drainage of Upper Jaw, Percutaneous Approach, Diagnostic",spam,400
422,Ennis,Ennis422.com,Planar Nuclear Medicine Imaging of Chest using Iodine 131,phishing,644
423,Elfrida,Elfrida423.com,"Transfer Abducens Nerve to Trigeminal Nerve, Open Approach",other,983
424,Collete,Collete424.com,"Dilate L Peroneal Art, Bifurc, w 3 Intralum Dev, Open",spam,66
425,Judie,Judie425.com,"Fusion of Thor Jt, Post Appr A Col, Perc Approach",other,766
426,Ransom,Ransom426.com,"Occlusion L Main Bronc w Intralum Dev, Perc Endo",gambling,596
427,Morris,Morris427.com,"Drainage of Thalamus with Drainage Device, Perc Approach",other,35
428,Garek,Garek428.com,"Supplement R Abd Tendon with Synth Sub, Open Approach",other,778
429,Marysa,Marysa429.com,"Extirpate matter from L Int Iliac Art, Bifurc, Open",phishing,717
430,Valera,Valera430.com,Ultrasonography of Right Knee,porn,784
431,Ingeberg,Ingeberg431.com,"Revision of Nonaut Sub in Spinal Cord, Perc Approach",porn,651
432,Alphonse,Alphonse432.com,"Revision of Nonaut Sub in R Scapula, Open Approach",phishing,593
433,Flory,Flory433.com,"Removal of Monitoring Device from Right Lung, Endo",spam,432
434,Vaughn,Vaughn434.com,"Drainage of Left Ovary with Drainage Device, Perc Approach",gambling,753
435,Addy,Addy435.com,"Removal of Synth Sub from L Acetabulum, Open Approach",other,302
436,Gardener,Gardener436.com,Plain Radiography of Inf Mesent Art using H Osm Contrast,suspicious,992
437,Cherida,Cherida437.com,"Release Left Superior Parathyroid Gland, Perc Endo Approach",porn,295
438,Leese,Leese438.com,Compression of L Up Extrem using Intermit Pressure Dev,other,852
439,Christoper,Christoper439.com,"Repair Upper Esophagus, Endo",malware,989
440,Rubie,Rubie440.com,LDR Brachytherapy of Diaphragm using Iodine 125,gambling,961
441,Tawsha,Tawsha441.com,"Map Pons, Percutaneous Approach",other,256
442,Berni,Berni442.com,"Dilation of Celiac Art with Drug-elut Intra, Open Approach",suspicious,869
443,Myrtie,Myrtie443.com,"Dilate of R Subclav Art with 2 Drug-elut, Perc Endo Approach",other,893
444,Ermanno,Ermanno444.com,"Replacement of Soft Palate with Nonaut Sub, Extern Approach",phishing,729
445,Gena,Gena445.com,"Drainage of Right Upper Lung Lobe, Perc Endo Approach",suspicious,650
446,Tilda,Tilda446.com,"Excision of Left Tympanic Membrane, Perc Approach, Diagn",gambling,614
447,Demetrius,Demetrius447.com,"Transfer Left Hip Muscle, Open Approach",other,419
448,Shir,Shir448.com,"Excision of Bilateral Lungs, Percutaneous Approach",malware,83
449,Fabe,Fabe449.com,"Reposition Left Adrenal Gland, Open Approach",porn,850
450,Dacy,Dacy450.com,"Bypass Descend Colon to Cutan with Nonaut Sub, Open Approach",spam,664
451,Gertrudis,Gertrudis451.com,"Repair Left Subclavian Artery, Perc Endo Approach",spam,371
452,Rodi,Rodi452.com,"Bypass R Hepatic Duct to Caud Duct w Intralum Dev, Open",gambling,533
453,Devan,Devan453.com,"Replacement of L Frontal Bone with Synth Sub, Open Approach",porn,674
454,Jenny,Jenny454.com,MRI of Whole Fetus using Oth Contrast,suspicious,32
455,Caspar,Caspar455.com,"Bypass L Atrium to Pulm Trunk with Nonaut Sub, Open Approach",other,435
456,Cherilynn,Cherilynn456.com,"Revision of Drainage Device in Diaphragm, Perc Approach",suspicious,223
457,Shandra,Shandra457.com,"Introduction of Radioact Subst into Resp Tract, Via Opening",gambling,862
458,Estrellita,Estrellita458.com,Plain Radiography of Bi Temporomand Jt using H Osm Contrast,porn,455
459,Nicolina,Nicolina459.com,"Reposition R Thorax Bursa/Lig, Perc Endo Approach",malware,651
460,Rosalynd,Rosalynd460.com,Fluoroscopy of L Temporomand Jt using L Osm Contrast,other,376
461,Tan,Tan461.com,"Reattachment of Right Upper Leg Muscle, Perc Endo Approach",phishing,581
462,Delmar,Delmar462.com,"Insert Infusion Dev in Prostate/Seminal Ves, Via Opening",suspicious,438
463,Eugine,Eugine463.com,"Replacement of Left Breast with Synth Sub, Open Approach",phishing,952
464,Joseito,Joseito464.com,"Repair Left Hand Artery, Open Approach",malware,230
465,Dunn,Dunn465.com,"Drainage of Left Lower Lung Lobe, Perc Endo Approach, Diagn",gambling,66
466,Bryant,Bryant466.com,"Revision of Nonaut Sub in Up Back, Open Approach",porn,428
467,Tabbie,Tabbie467.com,"Removal of Synth Sub from R Low Extrem, Open Approach",suspicious,802
468,Dawn,Dawn468.com,"Replace R Low Leg Subcu/Fascia w Nonaut Sub, Perc",suspicious,793
469,Deb,Deb469.com,"Transfer Trigem Nrv to Accessory Nrv, Perc Endo Approach",malware,241
470,Andras,Andras470.com,"Resection of Left Hip Bursa and Ligament, Perc Endo Approach",gambling,146
471,Goldarina,Goldarina471.com,"Revision of Nonaut Sub in L Elbow Jt, Open Approach",suspicious,435
472,Bonny,Bonny472.com,"Drainage of Parathyroid Gland with Drain Dev, Open Approach",spam,748
473,Susann,Susann473.com,"Supplement Left Ankle Tendon with Nonaut Sub, Open Approach",porn,922
474,Weber,Weber474.com,Beam Radiation of Hypopharynx using Photons <1 MeV,other,490
475,Elli,Elli475.com,"Occlusion of Right Internal Mammary Artery, Open Approach",porn,527
476,Brandi,Brandi476.com,"Insertion of Other Device into Male Perineum, Open Approach",other,990
477,Vasilis,Vasilis477.com,"Insertion of Infusion Device into R Lung, Perc Endo Approach",porn,6
478,Darda,Darda478.com,Dressing of Right Inguinal Region using Bandage,malware,858
479,Archibald,Archibald479.com,"Dilation of Abd Aorta with 4 Drug-elut, Perc Endo Approach",other,636
480,Ray,Ray480.com,"Reposition Right Upper Leg Tendon, Open Approach",porn,961
481,Adena,Adena481.com,"Revision of Autol Sub in R Carpal Jt, Open Approach",gambling,287
482,Courtenay,Courtenay482.com,LDR Brachytherapy of Urethra using Iridium 192,other,723
483,Joycelin,Joycelin483.com,"Release Lingula Bronchus, Endo",gambling,632
484,Nicoli,Nicoli484.com,"Dilation of L Ext Carotid, Bifurc, Open Approach",malware,49
485,Lorrie,Lorrie485.com,"Division of Right Abdomen Tendon, Perc Endo Approach",porn,801
486,Cleon,Cleon486.com,Receptive/Express Lang Assess w Augment Comm Equip,malware,908
487,Celestyn,Celestyn487.com,"Revision of Autol Sub in L Carpal, Perc Approach",porn,384
488,Marietta,Marietta488.com,"Revision of Intraluminal Device in Fallopian Tube, Endo",malware,823
489,Lynnell,Lynnell489.com,"Extirpation of Matter from L Carpal Jt, Perc Endo Approach",phishing,35
490,Carey,Carey490.com,Immobilization of Left Upper Arm using Cast,other,799
491,Kincaid,Kincaid491.com,"Dilation of Cystic Duct with Intralum Dev, Open Approach",porn,610
492,Audra,Audra492.com,"Dilate of L Com Iliac Art with 2 Intralum Dev, Open Approach",other,737
493,Florinda,Florinda493.com,LDR Brachytherapy of Bladder using Oth Isotope,suspicious,996
494,Morten,Morten494.com,"Extirpation of Matter from Left Tarsal Joint, Open Approach",gambling,241
495,Aurlie,Aurlie495.com,"Dilate Splenic Art, Bifurc, w Drug-elut Intra, Open",gambling,150
496,Leda,Leda496.com,"Removal of Drainage Device from Upper Muscle, Perc Approach",other,567
497,Giacinta,Giacinta497.com,"Restriction of Left Axillary Lymphatic, Perc Approach",phishing,74
498,Shermy,Shermy498.com,Tomo Nucl Med Imag of L Breast using Thallium 201,other,803
499,Floyd,Floyd499.com,"Drainage of Right Inguinal Region, Open Approach",phishing,387
500,Ashley,Ashley500.com,"Extirpation of Matter from Right Atrium, Perc Approach",spam,486
501,Morganne,Morganne501.com,"Supplement Right Vas Deferens with Autol Sub, Open Approach",gambling,788
502,Merline,Merline502.com,"Bypass Thor Aorta Desc to Carotid w Autol Art, Perc Endo",gambling,697
503,Lyssa,Lyssa503.com,"Dilate Hepatic Art w Drug-elut Intra, Perc Endo",porn,976
504,Truda,Truda504.com,"Division of Cervical Spinal Cord, Open Approach",phishing,230
505,Tatum,Tatum505.com,"Supplement Tricuspid Valve with Zooplastic, Open Approach",malware,962
506,Michaella,Michaella506.com,"Nuclear Medicine, GI Sys, Tomo Nucl Med Imag",spam,518
507,Guillemette,Guillemette507.com,"Central Nervous System, Extirpation",suspicious,17
508,Tessa,Tessa508.com,Tomo Nucl Med Imag of Chest & Abd using Gallium 67,gambling,566
509,Philis,Philis509.com,"Bypass Pancreas to Small Intestine, Perc Endo Approach",porn,257
510,Leon,Leon510.com,"Supplement R Knee Jt with Nonaut Sub, Perc Endo Approach",porn,278
511,Marcus,Marcus511.com,"Irrigation of Upper GI using Irrigat, Endo, Diagn",spam,36
512,Chelsey,Chelsey512.com,"Destruction of Right Tympanic Membrane, Perc Approach",spam,820
513,Tootsie,Tootsie513.com,"Transfer Ant Neck Subcu/Fascia w Skin, Subcu, Open",phishing,482
514,Nickolai,Nickolai514.com,"Resection of Left External Ear, External Approach",porn,489
515,Shir,Shir515.com,"Bithermal, Monaural Caloric Irrigation Assessment",malware,337
516,Bruce,Bruce516.com,CT Scan of Bi Temporomand Jt using L Osm Contrast,spam,729
517,Kristan,Kristan517.com,"Reposition Left Scapula with Int Fix, Perc Endo Approach",gambling,310
518,Lock,Lock518.com,"Removal of Monitor Dev from Tracheobronc Tree, Open Approach",porn,930
519,Hildegarde,Hildegarde519.com,"Dilate L Popl Art w Drug-elut Intra, Drug Blln, Open",porn,17
520,Jamaal,Jamaal520.com,"Removal of Synth Sub from R Metacarpocarp Jt, Open Approach",other,301
521,Foss,Foss521.com,"Excision of Right Carpal Joint, Open Approach",gambling,451
522,Katalin,Katalin522.com,Removal of Intermittent Pressure Device on Left Thumb,spam,925
523,Blake,Blake523.com,"Removal of Drainage Device from Uterus and Cervix, Endo",phishing,510
524,Shelley,Shelley524.com,"Bypass Sigmoid Colon to Rectum with Autol Sub, Endo",other,169
525,Irwinn,Irwinn525.com,"Destruction of Right Femoral Artery, Percutaneous Approach",porn,887
526,Alena,Alena526.com,"Repair Right Ankle Region, Percutaneous Endoscopic Approach",porn,738
527,Brinna,Brinna527.com,Tomo Nucl Med Imag of Chest & Neck using Gallium 67,spam,267
528,Sid,Sid528.com,"Detachment at Left 2nd Toe, Mid, Open Approach",suspicious,359
529,Corbie,Corbie529.com,"Excision of Right Elbow Region, Open Approach, Diagnostic",phishing,371
530,Brendon,Brendon530.com,"Monitoring of Intracranial Saturation, Percutaneous Approach",phishing,343
531,Hermione,Hermione531.com,"Occlusion of Common Bile Duct, Open Approach",phishing,904
532,Holly-anne,Holly-anne532.com,"Revision of Infusion Device in Cerv Disc, Open Approach",malware,262
533,Josias,Josias533.com,"CT Scan of Abd using L Osm Contrast, Unenh, Enhance",porn,782
534,Stella,Stella534.com,"Revision of Nonaut Sub in Up Vein, Open Approach",malware,582
535,Myrilla,Myrilla535.com,"Introduction of Nutritional into Male Reprod, Via Opening",spam,555
536,Biddy,Biddy536.com,"Revision of Nonaut Sub in R Glenoid Cav, Extern Approach",spam,573
537,Codee,Codee537.com,Removal of Packing Material on Left Upper Extremity,phishing,94
538,Wenona,Wenona538.com,"Revision of Drainage Device in Skin, External Approach",other,204
539,Andree,Andree539.com,"MRI of R Forearm using Oth Contrast, Unenh, Enhance",malware,72
540,Ysabel,Ysabel540.com,"Bypass R Innom Vein to Up Vein w Synth Sub, Perc Endo",spam,295
541,Dulcie,Dulcie541.com,"Repair Uvula, External Approach",suspicious,742
542,Martina,Martina542.com,"Bypass R Com Iliac Art to R Femor A w Autol Vn, Perc Endo",suspicious,647
543,Kaiser,Kaiser543.com,"Removal of Synthetic Substitute from Kidney, Open Approach",phishing,186
544,Lawton,Lawton544.com,"Supplement Thor Disc with Autol Sub, Open Approach",suspicious,522
545,Yalonda,Yalonda545.com,"Bypass Esophagus to Cutaneous with Synth Sub, Endo",spam,746
546,Rosita,Rosita546.com,"Replacement of Right Inner Ear with Synth Sub, Open Approach",phishing,332
547,Zach,Zach547.com,"Revision of Int Fix in L Scapula, Perc Endo Approach",porn,167
548,Fayth,Fayth548.com,"Excision of Portal Vein, Open Approach, Diagnostic",phishing,932
549,Annabella,Annabella549.com,"Fusion C-thor Jt w Synth Sub, Post Appr P Col, Perc Endo",malware,985
550,Shela,Shela550.com,"Supplement Dura Mater with Autol Sub, Perc Endo Approach",phishing,259
551,Roman,Roman551.com,"Dilate of Ductus Arterio with Drug-elut Intra, Perc Approach",malware,898
552,Kathryn,Kathryn552.com,"Bypass Pancreas to Duodenum with Intralum Dev, Open Approach",phishing,571
553,Hakeem,Hakeem553.com,"Repair Right Hepatic Duct, Percutaneous Approach",malware,425
554,Laurie,Laurie554.com,Wound Mgmt Trmt Musculosk Low Back/LE w Oth Equip,gambling,161
555,Louie,Louie555.com,"Drainage of Urethra with Drainage Device, Endo",other,10
556,Elysha,Elysha556.com,"Drainage of Left Lower Lung Lobe, Open Approach, Diagnostic",phishing,303
557,Ricardo,Ricardo557.com,"Drainage of Left Humeral Head, Perc Endo Approach, Diagn",porn,858
558,Lynn,Lynn558.com,Magnetic Resonance Imaging (MRI) of Bi Submandib Gland,suspicious,298
559,Moina,Moina559.com,"Excision of Coccygeal Joint, Open Approach",spam,48
560,Josefa,Josefa560.com,"Removal of Int Fix from R Fibula, Extern Approach",porn,101
561,Harlie,Harlie561.com,"Dilation of Hepatic Artery with 2 Drug-elut, Perc Approach",phishing,427
562,Selene,Selene562.com,"Drainage of Right Parotid Duct, Open Approach, Diagnostic",suspicious,417
563,Nerty,Nerty563.com,"Remove Intralum Dev from Low Intest Tract, Extern",spam,849
564,Rudolph,Rudolph564.com,"Dilate R Int Iliac Art, Bifurc, w 3 Intralum Dev, Open",porn,408
565,Hilly,Hilly565.com,"Release Left Tarsal, Percutaneous Endoscopic Approach",spam,846
566,Filip,Filip566.com,"Revise Contracept Dev in Trunk Subcu/Fascia, Perc",phishing,590
567,Dominik,Dominik567.com,"Dilate Hepatic Art w Drug-elut Intra, Perc Endo",porn,660
568,Amil,Amil568.com,"Supplement Right Upper Leg with Autol Sub, Open Approach",other,688
569,Elita,Elita569.com,"Revision of Interbody Fusion Device in Lum Jt, Open Approach",phishing,25
570,Shae,Shae570.com,"Supplement Right Ulna with Synth Sub, Perc Approach",phishing,766
571,Margarete,Margarete571.com,"Insertion of Intralum Dev into Up Vein, Perc Endo Approach",suspicious,351
572,Ardisj,Ardisj572.com,"Fusion of Right Elbow Joint with Ext Fix, Perc Approach",other,485
573,Jerrilee,Jerrilee573.com,"Supplement L Shoulder Bursa/Lig w Nonaut Sub, Open",phishing,456
574,Blakeley,Blakeley574.com,"Removal of Nonaut Sub from Up Back, Perc Endo Approach",other,744
575,Ileana,Ileana575.com,"Insertion of Monitoring Device into R Atrium, Perc Approach",phishing,246
576,Town,Town576.com,"Detachment at Right 1st Toe, Mid, Open Approach",suspicious,885
577,Kikelia,Kikelia577.com,"Dilate R Subclav Art, Bifurc, w 3 Drug-elut, Perc Endo",phishing,90
578,Fannie,Fannie578.com,"Revision of Nonaut Sub in R Ear, Perc Approach",porn,559
579,Madelyn,Madelyn579.com,"Resection of Left External Ear, Open Approach",malware,436
580,Angelita,Angelita580.com,"Extirpation of Matter from Right Middle Lobe Bronchus, Endo",porn,293
581,Rheba,Rheba581.com,"Bypass Mid Esophag to Cutan with Synth Sub, Open Approach",malware,801
582,Pierrette,Pierrette582.com,"Transfer Accessory Nerve to Accessory Nerve, Open Approach",porn,510
583,Ann,Ann583.com,"Drainage of Abdominal Wall, Open Approach",gambling,581
584,Loydie,Loydie584.com,"Inspection of Sinus, Percutaneous Approach",porn,965
585,Debra,Debra585.com,"Remove of Drain Dev from Trunk Subcu/Fascia, Extern Approach",porn,501
586,Hillery,Hillery586.com,"Replace of L Pulm Art with Zooplastic, Perc Endo Approach",phishing,370
587,Mallory,Mallory587.com,"Drainage of Right Lung, Percutaneous Approach, Diagnostic",spam,893
588,Hillery,Hillery588.com,"Introduction of Local Anesth into Cranial Nrv, Perc Approach",other,583
589,Carree,Carree589.com,"Division of Thoracic Sympathetic Nerve, Open Approach",spam,50
590,Celina,Celina590.com,Change Cast on Right Upper Arm,phishing,722
591,Kamila,Kamila591.com,"Repair Right Fallopian Tube, Via Opening",other,988
592,Sonny,Sonny592.com,"Occlusion Descend Colon w Extralum Dev, Perc Endo",other,77
593,Leoine,Leoine593.com,"Extirpate of Matter from Ileocecal Valve, Perc Endo Approach",malware,745
594,Lorraine,Lorraine594.com,"Excision of Bilateral Spermatic Cords, Open Approach",suspicious,877
595,Dela,Dela595.com,"Inspection of Right Ankle Joint, Open Approach",gambling,102
596,Fremont,Fremont596.com,"Reposition L Metatarsotars Jt with Ext Fix, Perc Approach",spam,614
597,Ronnie,Ronnie597.com,"Bypass R Com Iliac Vein to Low Vein, Perc Endo Approach",gambling,162
598,Nick,Nick598.com,"Repair Right Upper Arm Muscle, Open Approach",spam,369
599,Livvy,Livvy599.com,Fluoroscopy of Left Renal Vein using Low Osmolar Contrast,gambling,325
600,Susanetta,Susanetta600.com,"Resection of Carina, Percutaneous Endoscopic Approach",gambling,796
601,Randa,Randa601.com,"Repair Sacral Sympathetic Nerve, Perc Endo Approach",porn,210
602,Rozina,Rozina602.com,"Supplement Peritoneum with Nonaut Sub, Perc Endo Approach",malware,945
603,Amaleta,Amaleta603.com,Stereotactic Particulate Radiosurgery of Tongue,gambling,767
604,Chanda,Chanda604.com,"Destruction of Uvula, Open Approach",gambling,656
605,Glynn,Glynn605.com,"Alteration of Lower Jaw, Percutaneous Endoscopic Approach",porn,829
606,Skipper,Skipper606.com,"Division of Left Ulna, Open Approach",porn,662
607,Mariquilla,Mariquilla607.com,"Supplement Duodenum with Nonaut Sub, Endo",malware,264
608,Sidoney,Sidoney608.com,"Insert of Spacer into L Metatarsophal Jt, Perc Endo Approach",malware,677
609,Carolus,Carolus609.com,"Restrict R Up Lobe Bronc w Extralum Dev, Perc Endo",gambling,562
610,Saloma,Saloma610.com,"Destruction of R Up Arm Subcu/Fascia, Open Approach",phishing,659
611,Geno,Geno611.com,"Transfer L Low Leg Subcu/Fascia w Skin, Subcu, Fascia, Perc",suspicious,367
612,Emmott,Emmott612.com,"Revision of Autol Sub in L Humeral Head, Extern Approach",suspicious,111
613,Jeannine,Jeannine613.com,"Dilation of Right Internal Carotid Artery, Perc Approach",phishing,879
614,Berenice,Berenice614.com,"Drainage of Retroperitoneum with Drain Dev, Perc Approach",spam,969
615,Rafaello,Rafaello615.com,"Excision of Right Trunk Muscle, Open Approach, Diagnostic",suspicious,63
616,Cyndy,Cyndy616.com,"Reposition Left Internal Iliac Artery, Perc Endo Approach",other,503
617,Amity,Amity617.com,"Transfer Left Abdomen Muscle, Perc Endo Approach",other,384
618,Marylynne,Marylynne618.com,"Repair Prepuce, Percutaneous Endoscopic Approach",spam,927
619,Darleen,Darleen619.com,Motor Functn Treatment of Neuro Body using Assist Equipment,porn,786
620,Reamonn,Reamonn620.com,"Bypass L Com Carotid to L Extracran Art w Synth Sub, Open",phishing,508
621,Jefferson,Jefferson621.com,CT Scan of R Ankle using L Osm Contrast,gambling,118
622,Dawn,Dawn622.com,"Insert of Intralum Dev into R Popl Art, Perc Endo Approach",phishing,605
623,Cordi,Cordi623.com,"Extirpation of Matter from R Shoulder Muscle, Open Approach",gambling,939
624,Barbette,Barbette624.com,"Destruction of Left Hand Artery, Percutaneous Approach",gambling,656
625,Kaile,Kaile625.com,"Revision of Other Device in Resp Tract, Extern Approach",suspicious,525
626,Bond,Bond626.com,"Remove of Radioact Elem from Mediastinum, Perc Endo Approach",suspicious,993
627,Susy,Susy627.com,"Drainage of Right Fallopian Tube, Endo",porn,148
628,Sharia,Sharia628.com,"Revision of Synth Sub in Lumsac Disc, Perc Endo Approach",phishing,387
629,Nanine,Nanine629.com,Fluoroscopy of Right and Left Heart using H Osm Contrast,malware,690
630,Dolley,Dolley630.com,Beam Radiation of Axillary Lymphatics using Neutron Capture,phishing,791
631,Sauncho,Sauncho631.com,"Dilate L Ext Iliac Art, Bifurc, w Drug-elut Intra, Perc",spam,363
632,Marlane,Marlane632.com,"Release Thyroid Gland, Percutaneous Approach",other,385
633,Esmaria,Esmaria633.com,"Dilation of Rectum, Percutaneous Approach",porn,880
634,Emmey,Emmey634.com,"Removal of Intralum Dev from Pancreat Duct, Extern Approach",phishing,696
635,Darbie,Darbie635.com,"Repair Sacral Nerve, Percutaneous Endoscopic Approach",spam,4
636,Cindra,Cindra636.com,"Supplement R Temporal Bone with Nonaut Sub, Open Approach",malware,662
637,Cristi,Cristi637.com,"Supplement Nasal Septum with Nonaut Sub, Perc Endo Approach",malware,595
638,Lainey,Lainey638.com,Fluoroscopy of Head and Neck,malware,25
639,Galven,Galven639.com,"Replacement of Left Choroid with Nonaut Sub, Perc Approach",suspicious,840
640,Mirella,Mirella640.com,"Introduction of Local Anesthetic into Eye, Via Opening",phishing,602
641,Kahaleel,Kahaleel641.com,"Removal of Infusion Device from Fallopian Tube, Endo",phishing,16
642,Marys,Marys642.com,"Removal of Int Fix from L Metatarsophal Jt, Extern Approach",spam,22
643,Clementina,Clementina643.com,"Reattachment of Right Lower Leg Skin, External Approach",other,540
644,Mariellen,Mariellen644.com,Plain Radiography of Left Parotid Gland using H Osm Contrast,porn,549
645,Demetris,Demetris645.com,"Removal of Drainage Device from L Pleural Cav, Perc Approach",spam,207
646,Conchita,Conchita646.com,"Bypass Esophagus to Jejunum, Perc Endo Approach",gambling,994
647,Burty,Burty647.com,"Drainage of Uterus, Percutaneous Endoscopic Approach",suspicious,874
648,Sheilah,Sheilah648.com,"Dilate R Int Iliac Art, Bifurc, w Intralum Dev, Perc",other,250
649,Lynnett,Lynnett649.com,"Removal of Infusion Device from Kidney, Via Opening",malware,691
650,Madalyn,Madalyn650.com,"Occlusion of L Colic Art with Extralum Dev, Perc Approach",phishing,490
651,Clement,Clement651.com,"Supplement Stomach with Synthetic Substitute, Open Approach",phishing,113
652,Marci,Marci652.com,"Drainage of R Low Leg Subcu/Fascia, Perc Approach, Diagn",porn,674
653,Amory,Amory653.com,"Measurement of Gastrointestinal Motility, Endo",porn,584
654,Sianna,Sianna654.com,"Supplement Lumbar Vertebra with Autol Sub, Perc Approach",porn,279
655,Kendricks,Kendricks655.com,"Transfuse Autol Platelets in Central Vein, Open",phishing,185
656,Art,Art656.com,"Transfer Abducens Nerve to Facial Nerve, Open Approach",gambling,530
657,Broderick,Broderick657.com,"Supplement R Com Iliac Art w Synth Sub, Perc Endo",suspicious,696
658,Clemmy,Clemmy658.com,"Drainage of Pineal Body with Drainage Device, Open Approach",suspicious,203
659,Chickie,Chickie659.com,"Insertion of Facet Stabl Dev into T-lum Jt, Perc Approach",spam,363
660,Foster,Foster660.com,"Revision of Synth Sub in Finger Nail, Extern Approach",malware,406
661,Markus,Markus661.com,"Inspection of Upper Vein, Open Approach",gambling,607
662,Ignaz,Ignaz662.com,"Dilate of Face Art, Bifurc, with 4 Drug-elut, Perc Approach",phishing,94
663,Saba,Saba663.com,Plain Radiography of Bi Lacrimal Duct using H Osm Contrast,suspicious,479
664,Chad,Chad664.com,"Supplement L Femoral Region w Autol Sub, Perc Endo",spam,732
665,Karla,Karla665.com,"Supplement Sup Mesent Vein with Synth Sub, Perc Approach",other,773
666,Wilhelmine,Wilhelmine666.com,"Revision of Ext Fix in L Elbow Jt, Perc Approach",porn,340
667,Caldwell,Caldwell667.com,"Revision of Other Device in Mediastinum, Perc Endo Approach",malware,429
668,Abigael,Abigael668.com,"Dilate of Azygos Vein with Intralum Dev, Perc Endo Approach",spam,744
669,Filberte,Filberte669.com,"Drainage of Left Upper Femur, Open Approach",porn,155
670,Nady,Nady670.com,"Release Left Lung, Percutaneous Endoscopic Approach",porn,701
671,Claudette,Claudette671.com,"Destruction of Accessory Nerve, Perc Endo Approach",malware,425
672,Rosco,Rosco672.com,"Respiratory System, Supplement",gambling,71
673,Corliss,Corliss673.com,"Repair Radial Nerve, Percutaneous Endoscopic Approach",gambling,735
674,Catriona,Catriona674.com,"Drainage of Left Main Bronchus, Perc Endo Approach",phishing,953
675,Helaine,Helaine675.com,"Revision of Intraluminal Device in Urethra, Open Approach",porn,669
676,Guillaume,Guillaume676.com,"Extirpation of Matter from Esophageal Vein, Open Approach",gambling,361
677,Dinnie,Dinnie677.com,"Insert Ext Fix in R Metatarsotars Jt, Perc Endo",other,950
678,Gilbert,Gilbert678.com,"Dilation of L Post Tib Art with 2 Drug-elut, Perc Approach",phishing,47
679,Averell,Averell679.com,"Removal of Infusion Device from R Pleural Cav, Perc Approach",malware,848
680,Jojo,Jojo680.com,"Destruction of Left Sphenoid Sinus, Perc Endo Approach",malware,38
681,Geraldine,Geraldine681.com,"MRI of Bladder using Oth Contrast, Unenh, Enhance",porn,85
682,Anabelle,Anabelle682.com,"Destruction of Right Upper Leg Tendon, Open Approach",gambling,758
683,Tildi,Tildi683.com,"Drainage of Cisterna Chyli, Percutaneous Approach, Diagn",gambling,650
684,Lucia,Lucia684.com,"Occlusion of Ileum with Extraluminal Device, Perc Approach",other,301
685,Jackie,Jackie685.com,"Fragmentation in Uterus, Percutaneous Endoscopic Approach",malware,177
686,Cullan,Cullan686.com,"Detachment at Right Index Finger, Low, Open Approach",spam,29
687,Andi,Andi687.com,"Removal of Synth Sub from L Temporomandib Jt, Perc Approach",spam,104
688,Karyl,Karyl688.com,"CT Scan of R & L Heart using H Osm Contrast, Unenh, Enhance",malware,197
689,Berrie,Berrie689.com,"Drainage of Cervical Nerve, Open Approach, Diagnostic",gambling,936
690,Arlie,Arlie690.com,"Dilate Mid Colic Art, Bifurc, w 4 Drug-elut, Perc",gambling,979
691,Talia,Talia691.com,Immobilization of Right Upper Leg using Cast,other,174
692,Anallise,Anallise692.com,Monaural Hearing Aid Device Fitting using Hear Aid Equipment,phishing,812
693,Carmine,Carmine693.com,"Removal of Int Fix from L Radius, Open Approach",malware,149
694,Hurlee,Hurlee694.com,"Excision of Cerebellum, Open Approach",phishing,419
695,Cos,Cos695.com,"Replacement of R Face Vein with Nonaut Sub, Open Approach",porn,912
696,Adlai,Adlai696.com,"Occlusion of Pancreatic Duct, Open Approach",porn,708
697,Benson,Benson697.com,"Replace L Humeral Shaft w Autol Sub, Perc Endo",phishing,838
698,Darci,Darci698.com,"Removal of Extraluminal Device from Left Eye, Perc Approach",other,759
699,Darelle,Darelle699.com,"Excision of Left Choroid, Open Approach, Diagnostic",gambling,286
700,Gabriellia,Gabriellia700.com,"Drainage of Left Upper Leg, Open Approach, Diagnostic",spam,791
701,Vale,Vale701.com,"Division of Left Maxilla, Percutaneous Approach",spam,421
702,Larisa,Larisa702.com,"Revision of Int Fix in R Fibula, Perc Approach",spam,356
703,Ede,Ede703.com,"Revision of Autol Sub in Vulva, Extern Approach",porn,784
704,Powell,Powell704.com,"Destruction of Nasopharynx, Open Approach",suspicious,944
705,Fern,Fern705.com,"Reposition Left Tibia with Intramed Fix, Perc Endo Approach",spam,334
706,Flor,Flor706.com,"Division of Chordae Tendineae, Open Approach",porn,308
707,Angeline,Angeline707.com,"Dilate R Popl Art, Bifurc, w 2 Intralum Dev, Perc",other,518
708,Zebulon,Zebulon708.com,"Insertion of Monitoring Device into Duodenum, Perc Approach",suspicious,365
709,Jeniffer,Jeniffer709.com,"Dilate L Foot Art, Bifurc, w 4+ Intralum Dev, Open",suspicious,26
710,Britt,Britt710.com,"Fluoroscopy L Ext Carotid w L Osm Contrast, Laser Intraop",spam,756
711,Chance,Chance711.com,"Substance Abuse Treatment, Family Counseling",malware,592
712,Pearl,Pearl712.com,"Restriction of Cervix with Extralum Dev, Open Approach",gambling,722
713,Kellia,Kellia713.com,Bed Mobility Assessment using Prosthesis,phishing,952
714,Callean,Callean714.com,"Revision of Autol Sub in L Tibia, Extern Approach",gambling,260
715,Moselle,Moselle715.com,"Restriction of Left Internal Iliac Artery, Open Approach",malware,13
716,Werner,Werner716.com,"Imaging, Upper Arteries, Fluoroscopy",phishing,324
717,Nadiya,Nadiya717.com,"Drainage of Left Upper Arm Tendon, Open Approach",phishing,444
718,Bryan,Bryan718.com,"Fusion of R Sacroiliac Jt with Autol Sub, Open Approach",malware,154
719,Carson,Carson719.com,"Reposition Right Glenoid Cavity with Int Fix, Open Approach",spam,414
720,Zabrina,Zabrina720.com,"Drainage of Right Knee Tendon, Perc Endo Approach",gambling,899
721,Perla,Perla721.com,"Bypass Duodenum to Duodenum with Synthetic Substitute, Endo",other,452
722,Genna,Genna722.com,"Drainage of Left Hepatic Duct, Perc Endo Approach",suspicious,24
723,Marylinda,Marylinda723.com,"Drainage of Hypothalamus, Percutaneous Approach",other,916
724,Killian,Killian724.com,"Bypass Thor Aorta Asc to R Pulm Art w Zooplastic, Perc Endo",porn,306
725,Cortney,Cortney725.com,"Urinary System, Transplantation",porn,8
726,Jacki,Jacki726.com,"Destruction of Right Foot Muscle, Percutaneous Approach",malware,627
727,Hiram,Hiram727.com,"Excision of Right Acetabulum, Perc Endo Approach, Diagn",porn,458
728,Belle,Belle728.com,"Dilate L Peroneal Art, Bifurc, w 3 Intralum Dev, Perc",other,453
729,Hebert,Hebert729.com,"Supplement Right Foot Vein with Nonaut Sub, Perc Approach",malware,127
730,Stephenie,Stephenie730.com,"Alteration of Bi Ext Ear with Synth Sub, Open Approach",suspicious,883
731,Magdaia,Magdaia731.com,"Insertion of Infusion Device into Innom Art, Perc Approach",gambling,744
732,Sybyl,Sybyl732.com,"Introduction of Other Antineoplastic into Upper GI, Endo",phishing,446
733,Aurie,Aurie733.com,"Dilate R Colic Art, Bifurc, w Intralum Dev, Open",gambling,221
734,Staford,Staford734.com,"Insertion of Intralum Dev into L Femor Vein, Perc Approach",suspicious,77
735,Garald,Garald735.com,"Release Right Metacarpal, Open Approach",porn,480
736,Klemens,Klemens736.com,"Fusion 2-6 C Jt w Intbd Fus Dev, Ant Appr A Col, Perc Endo",malware,725
737,Lucille,Lucille737.com,"Drainage of Right Clavicle with Drain Dev, Open Approach",suspicious,558
738,Susanna,Susanna738.com,"Insertion of Ext Fix into L Low Femur, Open Approach",gambling,122
739,Elfie,Elfie739.com,"Introduce of High dose IL-2 into Central Art, Open Approach",porn,898
740,Lucretia,Lucretia740.com,"Removal of Nonaut Sub from Chest Wall, Open Approach",gambling,761
741,Clemmie,Clemmie741.com,"Dilate R Colic Art, Bifurc, w 3 Drug-elut, Perc",spam,537
742,Ronny,Ronny742.com,"Drainage of Bilateral Spermatic Cords, Percutaneous Approach",malware,325
743,Elberta,Elberta743.com,"Excision of Gallbladder, Open Approach",gambling,815
744,Craggie,Craggie744.com,"Bypass R Com Iliac Art to B Int Ilia, Perc Endo Approach",spam,412
745,Lorrin,Lorrin745.com,"Restriction of Stomach, Pylrs with Intralum Dev, Via Opening",porn,199
746,Vere,Vere746.com,"Excision of Right Radius, Open Approach, Diagnostic",malware,401
747,Phylys,Phylys747.com,"Replacement of R Abd Tendon with Autol Sub, Open Approach",spam,378
748,Gabrila,Gabrila748.com,Plain Radiography of Thoracic Aorta,spam,613
749,Rick,Rick749.com,"Extirpation of Matter from Bi Testis, Perc Endo Approach",spam,218
750,Selestina,Selestina750.com,"Release Right Toe Phalangeal Joint, Perc Endo Approach",porn,848
751,Rochette,Rochette751.com,"Reattachment of L Inf Parathyroid, Open Approach",malware,610
752,Galvin,Galvin752.com,"Reposition Right Glenoid Cavity, Perc Endo Approach",suspicious,765
753,Sunny,Sunny753.com,"Resection of Scrotum, Percutaneous Endoscopic Approach",suspicious,620
754,Osgood,Osgood754.com,"Release Right Lacrimal Gland, Percutaneous Approach",suspicious,269
755,Anne,Anne755.com,"Repair Mediastinum, Percutaneous Approach",malware,267
756,Bink,Bink756.com,"Extirpation of Matter from Left Sclera, External Approach",gambling,775
757,Ailyn,Ailyn757.com,Beam Radiation of Abdomen Lymphatics using Neutron Capture,spam,773
758,Agace,Agace758.com,"Introduction of Anti-inflam into Pleural Cav, Perc Approach",gambling,955
759,Sim,Sim759.com,"Dilate R Subclav Art, Bifurc, w 3 Intralum Dev, Perc",gambling,998
760,Gayelord,Gayelord760.com,"Restrict of Ampulla Vater with Extralum Dev, Perc Approach",malware,967
761,Teddie,Teddie761.com,"Supplement R Metatarsal with Nonaut Sub, Perc Endo Approach",malware,641
762,Clemence,Clemence762.com,"Bypass L Radial Art to Low Arm Vein w Nonaut Sub, Open",gambling,530
763,Aron,Aron763.com,"Division of Cervical Plexus, Percutaneous Approach",spam,851
764,Chariot,Chariot764.com,"Excision of Bilateral Breast, Endo, Diagn",phishing,966
765,Leoine,Leoine765.com,"Drainage of Left Kidney Pelvis with Drain Dev, Perc Approach",phishing,708
766,Malvina,Malvina766.com,"Release Tonsils, Percutaneous Approach",spam,483
767,Hendrick,Hendrick767.com,"Excision of Hyoid Bone, Percutaneous Endoscopic Approach",porn,426
768,Kalil,Kalil768.com,"Drain R Low Extrem Bursa/Lig w Drain Dev, Perc",gambling,14
769,Aaren,Aaren769.com,"Repair Right Spermatic Cord, Perc Endo Approach",other,767
770,Damaris,Damaris770.com,Stereotactic Gamma Beam Radiosurgery of Spinal Cord,suspicious,908
771,Diandra,Diandra771.com,"Destruction of Esophagus, Via Natural or Artificial Opening",spam,871
772,Lamond,Lamond772.com,"Anatomical Regions, Upper Extremities, Repair",malware,446
773,Haleigh,Haleigh773.com,"Excision of Left Radial Artery, Perc Endo Approach",porn,392
774,Federico,Federico774.com,"Repair Sigmoid Colon, Via Natural or Artificial Opening",other,845
775,Gillan,Gillan775.com,"Resection of Right Vocal Cord, Endo",suspicious,717
776,Katrine,Katrine776.com,"Restriction of Right Renal Artery, Perc Endo Approach",other,255
777,Rusty,Rusty777.com,"Restrict R Thyroid Art w Intralum Dev, Perc Endo",malware,492
778,Elwira,Elwira778.com,"Destruction of Brachial Plexus, Percutaneous Approach",porn,250
779,Efrem,Efrem779.com,"Supplement L Shoulder Bursa/Lig w Autol Sub, Open",spam,524
780,Juliet,Juliet780.com,"Drainage of Cervix with Drainage Device, Perc Approach",malware,120
781,Verine,Verine781.com,"Drainage of R Kidney Pelvis with Drain Dev, Perc Approach",porn,838
782,Monica,Monica782.com,"Release Right Middle Lung Lobe, Perc Endo Approach",spam,800
783,Nev,Nev783.com,"Revise Nonaut Sub in R Metatarsophal Jt, Perc Endo",porn,677
784,Deeyn,Deeyn784.com,"Excision of Left Iris, Percutaneous Approach",gambling,109
785,Donnie,Donnie785.com,"Irrigation of GU Tract using Irrigat, Perc Approach, Diagn",suspicious,170
786,Charin,Charin786.com,"Bypass Esophag to Ileum with Nonaut Sub, Perc Endo Approach",suspicious,365
787,Chiquita,Chiquita787.com,"Restriction of R Colic Art with Intralum Dev, Perc Approach",malware,480
788,Merla,Merla788.com,"Inspection of Bladder, External Approach",gambling,879
789,Murial,Murial789.com,"Bypass Innom Art to Bi Up Arm Art w Nonaut Sub, Open",malware,204
790,Amara,Amara790.com,"Resection of Right Diaphragm, Open Approach",suspicious,696
791,Jocelyne,Jocelyne791.com,"Introduce Oth Therap Subst in Bone Marrow, Perc",suspicious,360
792,Phillie,Phillie792.com,"Removal of Synth Sub from R Up Femur, Open Approach",phishing,711
793,Grazia,Grazia793.com,HDR Brachytherapy of Salivary Gland using Iridium 192,gambling,10
794,Glynn,Glynn794.com,"Removal of Infusion Dev from L Acromioclav Jt, Open Approach",other,693
795,Willey,Willey795.com,"Release Sacrococcygeal Joint, Open Approach",gambling,992
796,Karon,Karon796.com,"Replacement of L Thumb Phalanx with Autol Sub, Open Approach",phishing,598
797,Kellsie,Kellsie797.com,"Removal of Ext Fix from L Metacarpal, Open Approach",spam,629
798,Madalyn,Madalyn798.com,"Destruction of Left Pulmonary Vein, Perc Endo Approach",porn,868
799,Alberik,Alberik799.com,Binaural Hearing Aid Assessment using Audiometer,malware,557
800,Rolf,Rolf800.com,"Bypass L Popl Art to Low Ex Art, Perc Endo Approach",porn,888
801,Codi,Codi801.com,"Repair Left Inferior Parathyroid Gland, Perc Approach",gambling,474
802,Desiri,Desiri802.com,"Drainage of Right Internal Mammary Lymphatic, Open Approach",porn,543
803,Hilario,Hilario803.com,"Excision of R Up Extrem Bursa/Lig, Open Approach",spam,557
804,Lorna,Lorna804.com,"Inspection of Kidney, Percutaneous Endoscopic Approach",suspicious,323
805,Donovan,Donovan805.com,"Replacement of R Ext Ear with Nonaut Sub, Extern Approach",spam,772
806,Artair,Artair806.com,LDR Brachytherapy of Adrenal Glands using Iridium 192,other,113
807,Carroll,Carroll807.com,"Revision of Extralum Dev in Low Art, Perc Endo Approach",gambling,590
808,Osbourne,Osbourne808.com,"Replace of R Axilla Vein with Nonaut Sub, Perc Endo Approach",porn,155
809,Ulric,Ulric809.com,"Bypass L Com Iliac Art to L Com Ilia w Autol Art, Perc Endo",spam,258
810,Madlen,Madlen810.com,"Destruction of Right Hand Vein, Open Approach",malware,731
811,Colver,Colver811.com,"Insertion of Bone Stim into Nasal Bone, Perc Approach",porn,722
812,Yancy,Yancy812.com,"Release Right Internal Jugular Vein, Perc Endo Approach",suspicious,152
813,Henry,Henry813.com,"MRI of Bi Up Extrem Art using Oth Contrast, Unenh, Enhance",malware,172
814,Corbin,Corbin814.com,"Drainage of Left Thyroid Gland Lobe, Perc Endo Approach",other,562
815,Darla,Darla815.com,"Excision of Right Toe Phalanx, Percutaneous Approach, Diagn",phishing,488
816,Benn,Benn816.com,"Supplement L Up Leg Subcu/Fascia w Autol Sub, Open",malware,29
817,Hali,Hali817.com,"Removal of Synth Sub from L Metatarsal, Perc Approach",other,583
818,Fanni,Fanni818.com,"Insertion of Ring Ext Fix into R Femur Shaft, Perc Approach",malware,362
819,Marnia,Marnia819.com,"Release Papillary Muscle, Open Approach",spam,525
820,Lidia,Lidia820.com,"Occlusion R Less Saphenous w Extralum Dev, Perc",phishing,784
821,Ruperto,Ruperto821.com,Beam Radiation of Left Breast using Photons 1 - 10 MeV,phishing,738
822,Aron,Aron822.com,Fluoroscopy of Right Foot/Toe Joint using L Osm Contrast,porn,865
823,Zack,Zack823.com,"Insertion of Intralum Dev into L Ventricle, Perc Approach",other,242
824,Hugo,Hugo824.com,"Extirpation of Matter from Right Tibia, Perc Approach",phishing,659
825,Linnell,Linnell825.com,"Introduction of Clofarabine into Periph Art, Open Approach",other,427
826,Reagan,Reagan826.com,"Inspection of Upper Muscle, Open Approach",suspicious,530
827,Carmina,Carmina827.com,"Supplement Right Ulna with Synth Sub, Perc Approach",phishing,830
828,Ardella,Ardella828.com,Plain Radiography of Left Orbit,suspicious,392
829,Fallon,Fallon829.com,"Revision of Radioact Elem in Cranial Cav, Perc Endo Approach",phishing,464
830,Zerk,Zerk830.com,"Supplement R Int Mamm Art with Autol Sub, Perc Approach",other,16
831,Corabelle,Corabelle831.com,"Insertion of Radioact Elem into Male Perineum, Open Approach",malware,827
832,Myer,Myer832.com,"Occlusion of Superior Vena Cava, Open Approach",gambling,164
833,Gibby,Gibby833.com,"Release Paraganglion Extremity, Percutaneous Approach",porn,658
834,Roberto,Roberto834.com,"Replacement of R Trunk Tendon with Synth Sub, Open Approach",suspicious,853
835,Armin,Armin835.com,"Extraction of R Hand Subcu/Fascia, Perc Approach",gambling,227
836,Abbot,Abbot836.com,Magnetic Resonance Imaging (MRI) of Fetal Heart,porn,565
837,Maryl,Maryl837.com,"Dilate L Verteb Art, Bifurc, w 2 Drug-elut, Perc Endo",gambling,920
838,Dan,Dan838.com,"Bypass L Brach Art to L Up Arm Art w Synth Sub, Open",gambling,531
839,Leighton,Leighton839.com,"Replacement of R Lacrml Duct with Nonaut Sub, Via Opening",gambling,62
840,Luca,Luca840.com,"Reposition Right Iris, Percutaneous Approach",suspicious,53
841,Kellina,Kellina841.com,"Supplement Right Renal Vein with Autol Sub, Perc Approach",porn,82
842,Brietta,Brietta842.com,"Reposition Bilateral External Ear, Perc Endo Approach",suspicious,850
843,Gottfried,Gottfried843.com,"Excision of Nasopharynx, Perc Endo Approach, Diagn",spam,853
844,Mariam,Mariam844.com,"Revision of Synth Sub in Tracheobronc Tree, Open Approach",gambling,310
845,Pepillo,Pepillo845.com,"Restriction of Carina, Via Natural or Artificial Opening",porn,325
846,Gilberto,Gilberto846.com,"Drainage of Right Buttock, Percutaneous Approach, Diagnostic",porn,735
847,Scarface,Scarface847.com,"Dilate 1 Cor Art, Bifurc, w 3 Intralum Dev, Perc Endo",gambling,401
848,Caron,Caron848.com,Beam Radiation of Prostate using Heavy Particles,gambling,716
849,Anna-maria,Anna-maria849.com,"Fragmentation in Small Intestine, Open Approach",phishing,152
850,Hobard,Hobard850.com,"Restriction of Aortic Lymphatic, Perc Endo Approach",gambling,403
851,Morrie,Morrie851.com,"Release Left Nipple, Endo",spam,755
852,Deeyn,Deeyn852.com,"Insertion of Limb Length Dev into R Fibula, Open Approach",porn,603
853,Lowrance,Lowrance853.com,"Alteration of Nose with Synthetic Substitute, Perc Approach",phishing,449
854,Erastus,Erastus854.com,"Introduction of Liquid Brachy into POC, Endo",suspicious,972
855,Vonny,Vonny855.com,"Bypass Low Esophag to Ileum w Nonaut Sub, Perc Endo",other,551
856,Woodrow,Woodrow856.com,"Insertion of Other Device into R Wrist, Open Approach",spam,431
857,Forster,Forster857.com,"Repair Carina, Percutaneous Endoscopic Approach",gambling,694
858,Pavlov,Pavlov858.com,Dressing of Head using Bandage,spam,844
859,Rickie,Rickie859.com,"Restriction of Hepatic Art with Intralum Dev, Open Approach",malware,61
860,Aloysia,Aloysia860.com,"Replacement of Lower Lip with Autol Sub, Open Approach",porn,152
861,Heath,Heath861.com,"Dilate R Ext Iliac Art, Bifurc, w 2 Intralum Dev, Open",gambling,334
862,Lynde,Lynde862.com,"Revision of Drainage Device in Up Bursa/Lig, Extern Approach",malware,806
863,Martie,Martie863.com,"Drainage of Right Carpal Joint, Open Approach, Diagnostic",porn,683
864,Helen,Helen864.com,"Supplement R Pulm Art with Autol Sub, Perc Approach",porn,214
865,Tera,Tera865.com,"Drainage of Left Orbit, Percutaneous Endoscopic Approach",porn,604
866,Shandra,Shandra866.com,"Insertion of Int Fix into R Hip Jt, Open Approach",malware,662
867,Melloney,Melloney867.com,"Resection of Bladder Neck, Percutaneous Endoscopic Approach",suspicious,652
868,Lyn,Lyn868.com,"Destruction of Thoracic Duct, Open Approach",malware,702
869,Morie,Morie869.com,"Supplement Papillary Muscle with Autol Sub, Open Approach",spam,45
870,Zackariah,Zackariah870.com,"Supplement Celiac Artery with Synth Sub, Perc Approach",spam,107
871,August,August871.com,"Bypass Abd Aorta to B Ext Ilia with Autol Art, Open Approach",suspicious,173
872,Benoit,Benoit872.com,"Ultrasonography of Left Shoulder, Densitometry",porn,490
873,Glynn,Glynn873.com,"Bypass Esophag to Stomach with Synth Sub, Perc Endo Approach",malware,206
874,Herb,Herb874.com,"Drainage of Right Lower Leg, Percutaneous Approach",suspicious,778
875,Gaile,Gaile875.com,"Bypass Right Foot Vein to Lower Vein, Open Approach",porn,96
876,Charlotte,Charlotte876.com,"Insertion of Infusion Device into L Ankle Jt, Perc Approach",malware,568
877,Stacie,Stacie877.com,"Revision of Int Fix in R Metatarsal, Extern Approach",gambling,153
878,Amalea,Amalea878.com,"Reposition Optic Nerve, Percutaneous Approach",malware,606
879,Sadie,Sadie879.com,"Excision of Bilateral Ovaries, Endo, Diagn",gambling,791
880,Godart,Godart880.com,"Excision of Left Carpal, Open Approach",other,457
881,Cornie,Cornie881.com,"Drainage of Peritoneal Cavity with Drain Dev, Open Approach",other,506
882,Darcy,Darcy882.com,"Destruction of Left Lower Lobe Bronchus, Via Opening",porn,732
883,Laverne,Laverne883.com,"Revision of Spacer in Left Shoulder Joint, Perc Approach",spam,56
884,Morgun,Morgun884.com,"Destruction of Left Abdomen Tendon, Percutaneous Approach",phishing,77
885,Modestine,Modestine885.com,"Inspection of Left Metacarpocarpal Joint, Perc Endo Approach",malware,151
886,Margo,Margo886.com,"Release Lumbosacral Joint, Open Approach",suspicious,710
887,Shana,Shana887.com,"Extraction of Right Kidney, Open Approach",gambling,64
888,Brander,Brander888.com,"Drainage of Innominate Artery, Open Approach, Diagnostic",malware,380
889,Marv,Marv889.com,"Bypass L Com Iliac Art to R Com Ilia w Autol Art, Perc Endo",malware,111
890,Giulia,Giulia890.com,Plain Radiography of Bi Com Carotid using H Osm Contrast,suspicious,641
891,Vonny,Vonny891.com,"Supplement Celiac Artery with Nonaut Sub, Perc Approach",other,607
892,Elmira,Elmira892.com,"Insertion of Int Fix into L Sternoclav Jt, Perc Approach",suspicious,24
893,Staci,Staci893.com,"Supplement Pulm Valve with Synth Sub, Perc Endo Approach",gambling,446
894,Dulce,Dulce894.com,"Excision of Right Large Intestine, Open Approach",phishing,194
895,Jake,Jake895.com,"Transfer Left Foot Muscle with Subcu, Open Approach",spam,470
896,Hilario,Hilario896.com,"Bypass R Com Iliac Vein to Low Vein w Synth Sub, Perc Endo",gambling,311
897,Smith,Smith897.com,"Extirpation of Matter from L Toe Phalanx Jt, Perc Approach",gambling,306
898,Georgianna,Georgianna898.com,"Destruction of Head & Neck Bursa/Lig, Perc Endo Approach",malware,718
899,Allie,Allie899.com,"Irrigation of Nose using Irrigat, Via Opening, Diagn",gambling,577
900,Lela,Lela900.com,"Extirpation of Matter from Left Retina, External Approach",suspicious,628
901,Webb,Webb901.com,"Removal of Nonaut Sub from L Scapula, Open Approach",suspicious,530
902,Dalton,Dalton902.com,"Destruction of Right Neck Lymphatic, Perc Endo Approach",malware,561
903,Martha,Martha903.com,"Bypass L Ext Iliac Art to Low Ex Art w Autol Vn, Open",other,40
904,Corrina,Corrina904.com,"Excision of Bilateral Seminal Vesicles, Perc Endo Approach",other,482
905,Danny,Danny905.com,"Bypass R Femor Vein to Low Vein w Synth Sub, Perc Endo",phishing,592
906,Ray,Ray906.com,"Removal of Synthetic Substitute from L Hip Jt, Perc Approach",gambling,222
907,Farrell,Farrell907.com,"Revision of Nonaut Sub in Mitral Valve, Open Approach",gambling,403
908,Angelia,Angelia908.com,"Destruction of Right Upper Femur, Percutaneous Approach",spam,629
909,Janaya,Janaya909.com,"Bypass Cystic Duct to R Hep Duc w Intralum Dev, Open",malware,852
910,Sibyl,Sibyl910.com,"Replacement of R Vocal Cord with Autol Sub, Open Approach",gambling,335
911,Lynna,Lynna911.com,Cochlear Implant Assessment,spam,426
912,Barrie,Barrie912.com,"Insertion of Infusion Device into Lumsac Disc, Perc Approach",spam,286
913,Jorgan,Jorgan913.com,"Insertion of Intralum Dev into Hepatic Art, Perc Approach",malware,697
914,Winna,Winna914.com,"Drainage of Right Large Intestine with Drainage Device, Endo",gambling,266
915,Dyan,Dyan915.com,"Removal of Autol Sub from T-lum Jt, Perc Approach",gambling,365
916,Hilliard,Hilliard916.com,"Extirpation of Matter from Peritoneum, Open Approach",suspicious,306
917,Karilynn,Karilynn917.com,"Revision of Ext Fix in R Radius, Extern Approach",gambling,965
918,Emanuele,Emanuele918.com,"Drainage of Left Ulnar Artery, Open Approach",spam,824
919,Heidie,Heidie919.com,"Drainage of Innom Art with Drain Dev, Perc Endo Approach",phishing,246
920,Ram,Ram920.com,"Supplement Mesenteric Lymph w Nonaut Sub, Perc Endo",suspicious,587
921,Tom,Tom921.com,"Drainage of Left Tarsal Joint, Open Approach",phishing,523
922,Dorolisa,Dorolisa922.com,Low Dose Rate (LDR) Brachytherapy of Larynx using Iodine 125,gambling,888
923,Sammy,Sammy923.com,"Removal of Int Fix from L Wrist Jt, Perc Approach",other,824
924,Eda,Eda924.com,"Dilation of L Renal Art with Drug-elut Intra, Open Approach",gambling,532
925,Alon,Alon925.com,"Release Lower Esophagus, Endo",gambling,671
926,Tess,Tess926.com,"Remove Autol Sub from Low Extrem Subcu/Fascia, Open",gambling,106
927,Wallace,Wallace927.com,"Drainage of Right Upper Leg Skin, External Approach, Diagn",suspicious,101
928,Waverley,Waverley928.com,"Extirpation of Matter from 2 Cor Art, Perc Endo Approach",spam,811
929,Joby,Joby929.com,Plain Radiography of Mastoids,porn,989
930,Wilhelm,Wilhelm930.com,"Muscle Performance Assessment of Integu Head, Neck",porn,945
931,Pamella,Pamella931.com,"Robotic Assisted Procedure of Trunk Region, Endo",suspicious,50
932,Doug,Doug932.com,"Fusion of 2-6 C Jt, Ant Appr A Col, Perc Approach",gambling,722
933,Karilynn,Karilynn933.com,"Supplement Left Glenoid Cavity with Synth Sub, Perc Approach",suspicious,843
934,Adrianne,Adrianne934.com,"Supplement Nasal Bone with Autol Sub, Perc Endo Approach",porn,471
935,Orelia,Orelia935.com,"Drain L Seminal Vesicle w Drain Dev, Perc Endo",spam,642
936,Darwin,Darwin936.com,"Destruction of Left Hip Joint, Percutaneous Approach",other,235
937,Doretta,Doretta937.com,ROM & Jt Mobility Treatment of Musculosk Up Back/UE,gambling,209
938,Kirbie,Kirbie938.com,"Fusion of Left Shoulder Joint, Percutaneous Approach",gambling,471
939,Farlie,Farlie939.com,MRI of Bi Pulm Vein using Oth Contrast,phishing,297
940,Brigit,Brigit940.com,"Bypass Left Common Iliac Artery to B Com Ilia, Open Approach",suspicious,29
941,Norton,Norton941.com,"Insertion of Ext Fix into L Tibia, Open Approach",porn,11
942,Doloritas,Doloritas942.com,"Removal of Nonaut Sub from L Thumb Phalanx, Open Approach",suspicious,347
943,Annalise,Annalise943.com,"Dilate R Thyroid Art, Bifurc, w 3 Drug-elut, Perc",porn,515
944,Allix,Allix944.com,"Restriction of Aortic Lymph with Extralum Dev, Open Approach",malware,387
945,Goldy,Goldy945.com,"Release Epiglottis, Via Natural or Artificial Opening",suspicious,603
946,Junette,Junette946.com,"Inspection of Scrotum and Tunica Vaginalis, Open Approach",porn,270
947,Lottie,Lottie947.com,"Remove Nonaut Sub from R Finger Phalanx, Perc Endo",suspicious,911
948,Steve,Steve948.com,"Supplement R Up Leg with Autol Sub, Perc Endo Approach",porn,179
949,Den,Den949.com,"Dilation of R Hepatic Duct with Intralum Dev, Open Approach",other,972
950,Alaine,Alaine950.com,"Excision of Celiac Artery, Open Approach, Diagnostic",suspicious,428
951,Devlin,Devlin951.com,"Removal of Autol Sub from Scrotum & Tunica, Via Opening",suspicious,587
952,Standford,Standford952.com,"Supplement Inferior Vena Cava with Nonaut Sub, Open Approach",suspicious,748
953,Friedrick,Friedrick953.com,"Excision of Right Foot Artery, Open Approach, Diagnostic",spam,203
954,Edna,Edna954.com,"Replacement of R Hip Tendon with Synth Sub, Open Approach",malware,183
955,Lilah,Lilah955.com,HDR Brachytherapy of Bone Marrow using Iodine 125,malware,986
956,Moses,Moses956.com,"Insertion of Other Device into Genitourinary Tract, Endo",other,778
957,Evvie,Evvie957.com,Perceptual Process Treatment using Speech Analysis Equipment,phishing,942
958,Felita,Felita958.com,"Extirpation of Matter from L Hypogast Vein, Open Approach",suspicious,357
959,Maridel,Maridel959.com,"Transfer Hypogloss Nrv to Trochlear Nrv, Perc Endo Approach",porn,203
960,Niccolo,Niccolo960.com,"Bypass R Com Iliac Art to L Renal A w Autol Vn, Open",suspicious,370
961,Christoph,Christoph961.com,"Revision of Monitor Dev in Pancreat Duct, Open Approach",suspicious,903
962,Adara,Adara962.com,"Replace Nasal Turbinate w Nonaut Sub, Perc Endo",suspicious,697
963,Garth,Garth963.com,"Insertion of Intralum Dev into R Temporal Art, Open Approach",gambling,603
964,Bil,Bil964.com,"Drain of R Com Iliac Art with Drain Dev, Perc Endo Approach",malware,544
965,Lulu,Lulu965.com,"Insertion of Radioactive Element into Vagina, Perc Approach",phishing,882
966,Faber,Faber966.com,"Restrict of Inf Mesent Vein with Intralum Dev, Open Approach",suspicious,688
967,Paolo,Paolo967.com,Magnetic Resonance Imaging (MRI) of Pelvic Arteries,gambling,543
968,Deedee,Deedee968.com,"Revision of Autol Sub in L Hip Jt, Perc Approach",phishing,68
969,Marketa,Marketa969.com,"Removal of Synth Sub from Toe Nail, Extern Approach",suspicious,523
970,Marthena,Marthena970.com,Computerized Tomography (CT Scan) of Spinal Cord,gambling,711
971,Maddie,Maddie971.com,"Drainage of Thalamus with Drain Dev, Perc Endo Approach",other,885
972,Carlen,Carlen972.com,"Fusion of Right Carpal Joint, Perc Endo Approach",phishing,773
973,Roxanna,Roxanna973.com,"Drainage of Face Artery with Drainage Device, Perc Approach",porn,866
974,Abbey,Abbey974.com,"Destruction of Lumbar Nerve, Percutaneous Approach",phishing,966
975,Kira,Kira975.com,"Insertion of Int Fix into R Maxilla, Perc Endo Approach",malware,962
976,Arin,Arin976.com,"Drainage of Sacral Plexus with Drain Dev, Open Approach",porn,874
977,Winna,Winna977.com,"Bypass Cereb Vent to Nasophar with Synth Sub, Open Approach",phishing,652
978,Charity,Charity978.com,"Transfer Right Trunk Tendon, Open Approach",spam,277
979,Brynna,Brynna979.com,"Occlusion of Right Upper Lobe Bronchus, Via Opening",phishing,920
980,Sheila-kathryn,Sheila-kathryn980.com,"Repair Hard Palate, Percutaneous Approach",spam,551
981,Garald,Garald981.com,"Insert Contracept Dev in Abd Subcu/Fascia, Open",other,356
982,Sansone,Sansone982.com,Plain Radiography of Other Upper Arteries,suspicious,370
983,Rosalynd,Rosalynd983.com,"Removal of Nonaut Sub from Spinal Cord, Perc Approach",porn,929
984,Mada,Mada984.com,"Alter of R Low Extrem with Autol Sub, Perc Endo Approach",spam,20
985,Darcey,Darcey985.com,"Bypass Thor Aorta Desc to Subclav, Perc Endo Approach",gambling,665
986,Tobiah,Tobiah986.com,"Removal of Infusion Device from Mediastinum, Open Approach",other,239
987,Mina,Mina987.com,"Removal of Intraluminal Device from Mouth and Throat, Endo",phishing,765
988,Adolf,Adolf988.com,"Introduction of Liquid Brachy into Low GI, Endo",porn,491
989,Felicle,Felicle989.com,"Replace L Ext Iliac Art w Autol Sub, Perc Endo",spam,582
990,Farleigh,Farleigh990.com,"Supplement Left Finger Phalanx with Synth Sub, Open Approach",spam,256
991,Filbert,Filbert991.com,"Revision of Ext Fix in R Metacarpal, Extern Approach",gambling,349
992,Gerardo,Gerardo992.com,"Revision of Extraluminal Device in Low Art, Extern Approach",malware,295
993,Svend,Svend993.com,"Extraction of R Up Arm Subcu/Fascia, Perc Approach",phishing,799
994,Vaughan,Vaughan994.com,"Bypass L Subclav Art to L Up Leg Art w Synth Sub, Open",gambling,865
995,Paula,Paula995.com,"Dilate of Celiac Art with 2 Intralum Dev, Perc Endo Approach",porn,449
996,Guillermo,Guillermo996.com,"Dilation of Celiac Artery with 3 Drug-elut, Open Approach",gambling,849
997,Melodie,Melodie997.com,"Transfer Perineum Subcu/Fascia w Skin, Subcu, Open",suspicious,696
998,Cristin,Cristin998.com,"Fusion of Sacrococcygeal Joint with Synth Sub, Open Approach",gambling,706
999,Arda,Arda999.com,"Replace of R Temporomandib Jt with Nonaut Sub, Open Approach",porn,654
1000,Maggee,Maggee1000.com,Osteopathic Treatment of Pelvis w H Velocity L Ampl,porn,567
